/*
SQLyog Community v13.1.9 (64 bit)
MySQL - 10.4.24-MariaDB : Database - _imdbtop250
*********************************************************************
*/

/*!40101 SET NAMES utf8 */;

/*!40101 SET SQL_MODE=''*/;

/*!40014 SET @OLD_UNIQUE_CHECKS=@@UNIQUE_CHECKS, UNIQUE_CHECKS=0 */;
/*!40014 SET @OLD_FOREIGN_KEY_CHECKS=@@FOREIGN_KEY_CHECKS, FOREIGN_KEY_CHECKS=0 */;
/*!40101 SET @OLD_SQL_MODE=@@SQL_MODE, SQL_MODE='NO_AUTO_VALUE_ON_ZERO' */;
/*!40111 SET @OLD_SQL_NOTES=@@SQL_NOTES, SQL_NOTES=0 */;
CREATE DATABASE /*!32312 IF NOT EXISTS*/`_imdbtop250` /*!40100 DEFAULT CHARACTER SET utf8 */;

USE `_imdbtop250`;

/*Table structure for table `gross` */

DROP TABLE IF EXISTS `gross`;

CREATE TABLE `gross` (
  `movie_id` int(11) NOT NULL,
  `total_gross` varchar(10) DEFAULT NULL,
  PRIMARY KEY (`movie_id`),
  CONSTRAINT `gross_ibfk_1` FOREIGN KEY (`movie_id`) REFERENCES `movies` (`id`)
) ENGINE=InnoDB DEFAULT CHARSET=utf8;

/*Data for the table `gross` */

insert  into `gross`(`movie_id`,`total_gross`) values 
(1,'$28.34M'),
(2,'$134.97M'),
(3,'$534.86M'),
(4,'$57.30M'),
(5,'$107.93M'),
(6,'$96.90M'),
(7,'$377.85M'),
(8,'$4.36M'),
(9,'$6.10M'),
(10,'$330.25M'),
(11,'$292.58M'),
(12,'$315.54M'),
(13,'$37.03M'),
(14,'$12.39M'),
(15,'$290.48M'),
(16,'$322.74M'),
(17,'$171.48M'),
(18,'$46.84M'),
(19,'$112.00M'),
(20,'$7.56M'),
(21,'$342.55M'),
(22,'$0.27M'),
(23,'$188.02M'),
(24,'$5.02M'),
(25,'$130.74M'),
(26,'$19.50M'),
(27,'$100.13M'),
(28,'$216.54M'),
(29,'$23.34M'),
(30,'$10.06M'),
(31,'$57.60M'),
(32,'$13.18M'),
(33,'$5.32M'),
(34,NULL),
(35,'$0.02M'),
(36,NULL),
(37,'$78.90M'),
(38,'$53.09M'),
(39,'$187.71M'),
(40,'$448.14M'),
(41,'$13.09M'),
(42,'$25.54M'),
(43,'$136.80M'),
(44,'$83.47M'),
(45,'$32.00M'),
(46,'$248.16M'),
(47,'$204.84M'),
(48,'$32.57M'),
(49,'$11.29M'),
(50,'$0.28M'),
(51,'$6.72M'),
(52,'$210.61M'),
(53,'$42.44M'),
(54,'$83.01M'),
(55,NULL),
(56,'$380.84M'),
(57,'$148.10M'),
(58,'$317.58M'),
(59,'$179.87M'),
(60,'$402.45M'),
(61,'$70.10M'),
(62,'$226.28M'),
(63,'$289.92M'),
(64,'$0.09M'),
(65,'$183.42M'),
(66,'$305.41M'),
(67,'$168.37M'),
(68,'$117.24M'),
(69,'$267.67M'),
(70,'$145.00M'),
(71,'$293.00M'),
(72,'$70.51M'),
(73,'$223.81M'),
(74,'$157.30M'),
(75,'$86.30M'),
(76,NULL),
(77,'$1.02M'),
(78,'$36.76M'),
(79,NULL),
(80,NULL),
(81,'$11.99M'),
(82,'$0.29M'),
(83,'$0.16M'),
(84,NULL),
(85,'$1.22M'),
(86,'$85.16M'),
(87,'$162.81M'),
(88,'$130.10M'),
(89,'$44.02M'),
(90,'$3.64M'),
(91,'$75.60M'),
(92,'$0.71M'),
(93,'$309.13M'),
(94,'$13.28M'),
(95,'$33.23M'),
(96,'$5.32M'),
(97,'$6.53M'),
(98,'$2.38M'),
(99,'$3.20M'),
(100,'$1.59M'),
(101,'$11.49M'),
(102,'$0.03M'),
(103,'$7.10M'),
(104,'$0.93M'),
(105,'$8.18M'),
(106,'$0.74M'),
(107,NULL),
(108,'$151.10M'),
(109,'$120.54M'),
(110,'$138.43M'),
(111,'$30.33M'),
(112,'$206.85M'),
(113,'$28.26M'),
(114,'$34.40M'),
(115,'$6.21M'),
(116,'$2.83M'),
(117,'$46.36M'),
(118,'$56.95M'),
(119,'$5.51M'),
(120,'$0.69M'),
(121,'$64.62M'),
(122,'$15.07M'),
(123,'$218.97M'),
(124,'$132.38M'),
(125,'$24.61M'),
(126,'$364.00M'),
(127,'$422.78M'),
(128,'$102.27M'),
(129,'$33.40M'),
(130,'$45.60M'),
(131,'$116.90M'),
(132,'$191.80M'),
(133,'$51.97M'),
(134,NULL),
(135,'$1.23M'),
(136,'$44.82M'),
(137,'$415.00M'),
(138,'$25.00M'),
(139,'$8.82M'),
(140,NULL),
(141,'$1.24M'),
(142,'$159.60M'),
(143,'$0.45M'),
(144,'$15.00M'),
(145,'$18.60M'),
(146,NULL),
(147,'$0.01M'),
(148,'$2.20M'),
(149,'$5.72M'),
(150,'$0.10M'),
(151,'$0.33M'),
(152,'$0.10M'),
(153,NULL),
(154,NULL),
(155,'$5.01M'),
(156,'$5.45M'),
(157,'$0.06M'),
(158,NULL),
(159,'$0.54M'),
(160,'$0.02M'),
(161,NULL),
(162,NULL),
(163,NULL),
(164,NULL),
(165,'$67.21M'),
(166,'$16.50M'),
(167,'$32.87M'),
(168,'$14.68M'),
(169,'$198.68M'),
(170,'$67.44M'),
(171,'$17.50M'),
(172,'$13.66M'),
(173,'$101.16M'),
(174,'$37.63M'),
(175,'$356.46M'),
(176,'$170.74M'),
(177,'$48.98M'),
(178,'$13.78M'),
(179,'$3.90M'),
(180,'$16.22M'),
(181,'$23.38M'),
(182,'$4.71M'),
(183,'$6.39M'),
(184,'$6.86M'),
(185,'$8.49M'),
(186,'$12.10M'),
(187,'$1.11M'),
(188,NULL),
(189,'$9.60M'),
(190,'$44.91M'),
(191,'$4.14M'),
(192,'$4.36M'),
(193,NULL),
(194,'$0.01M'),
(195,'$9.60M'),
(196,'$4.36M'),
(197,NULL),
(198,NULL),
(199,'$5.45M'),
(200,'$1.03M'),
(201,'$0.75M'),
(202,'$389.81M'),
(203,'$936.66M'),
(204,'$154.06M'),
(205,'$74.28M'),
(206,'$167.77M'),
(207,'$61.00M'),
(208,'$4.05M'),
(209,'$45.06M'),
(210,'$30.86M'),
(211,'$1.48M'),
(212,'$52.29M'),
(213,'$18.35M'),
(214,'$293.51M'),
(215,'$128.01M'),
(216,'$59.10M'),
(217,'$169.71M'),
(218,'$40.22M'),
(219,'$164.62M'),
(220,'$56.67M'),
(221,'$2.08M'),
(222,'$26.95M'),
(223,'$125.62M'),
(224,'$138.53M'),
(225,'$100.49M'),
(226,'$227.47M'),
(227,'$0.23M'),
(228,'$3.11M'),
(229,NULL),
(230,'$217.58M'),
(231,'$39.20M'),
(232,'$74.70M'),
(233,'$5.54M'),
(234,'$2.73M'),
(235,'$23.53M'),
(236,'$102.31M'),
(237,'$52.77M'),
(238,NULL),
(239,'$0.01M'),
(240,'$20.05M'),
(241,'$0.17M'),
(242,'$0.31M'),
(243,'$25.01M'),
(244,'$5.38M'),
(245,NULL),
(246,'$0.50M'),
(247,'$2.11M'),
(248,NULL),
(249,'$0.06M'),
(250,'$260.00M');

/*Table structure for table `movies` */

DROP TABLE IF EXISTS `movies`;

CREATE TABLE `movies` (
  `id` int(11) NOT NULL,
  `movie` varchar(100) DEFAULT NULL,
  `year` varchar(4) DEFAULT NULL,
  `run_time` varchar(15) DEFAULT NULL,
  `genre` varchar(80) DEFAULT NULL,
  `director` varchar(100) DEFAULT NULL,
  `actors` varchar(100) DEFAULT NULL,
  `descrt` varchar(500) DEFAULT NULL,
  `img` varchar(500) DEFAULT NULL,
  PRIMARY KEY (`id`)
) ENGINE=InnoDB DEFAULT CHARSET=utf8;

/*Data for the table `movies` */

insert  into `movies`(`id`,`movie`,`year`,`run_time`,`genre`,`director`,`actors`,`descrt`,`img`) values 
(1,'The Shawshank Redemption','1994','142 min','Drama            ','Frank Darabont ','Tim Robbins, Morgan Freeman, Bob Gunton, William Sadler','\nTwo imprisoned men bond over a number of years, finding solace and eventual redemption through acts of common decency.','https://m.media-amazon.com/images/M/MV5BMDFkYTc0MGEtZmNhMC00ZDIzLWFmNTEtODM1ZmRlYWMwMWFmXkEyXkFqcGdeQXVyMTMxODk2OTU@._V1_.jpg'),
(2,'The Godfather','1972','175 min','Crime, Drama            ','Francis Ford Coppola ','Marlon Brando, Al Pacino, James Caan, Diane Keaton','\nThe aging patriarch of an organized crime dynasty in postwar New York City transfers control of his clandestine empire to his reluctant youngest son.','https://m.media-amazon.com/images/M/MV5BM2MyNjYxNmUtYTAwNi00MTYxLWJmNWYtYzZlODY3ZTk3OTFlXkEyXkFqcGdeQXVyNzkwMjQ5NzM@._V1_.jpg'),
(3,'The Dark Knight','2008','152 min','Action, Crime, Drama            ','Christopher Nolan ','Christian Bale, Heath Ledger, Aaron Eckhart, Michael Caine','\nWhen the menace known as the Joker wreaks havoc and chaos on the people of Gotham, Batman must accept one of the greatest psychological and physical tests of his ability to fight injustice.','https://m.media-amazon.com/images/M/MV5BMTMxNTMwODM0NF5BMl5BanBnXkFtZTcwODAyMTk2Mw@@._V1_.jpg'),
(4,'The Godfather Part II','1974','202 min','Crime, Drama            ','Francis Ford Coppola ','Al Pacino, Robert De Niro, Robert Duvall, Diane Keaton','\nThe early life and career of Vito Corleone in 1920s New York City is portrayed, while his son, Michael, expands and tightens his grip on the family crime syndicate.','https://m.media-amazon.com/images/M/MV5BMWMwMGQzZTItY2JlNC00OWZiLWIyMDctNDk2ZDQ2YjRjMWQ0XkEyXkFqcGdeQXVyNzkwMjQ5NzM@._V1_.jpg'),
(5,'Pulp Fiction','1994','154 min','Crime, Drama            ','Quentin Tarantino ','John Travolta, Uma Thurman, Samuel L. Jackson, Bruce Willis','\nThe lives of two mob hitmen, a boxer, a gangster and his wife, and a pair of diner bandits intertwine in four tales of violence and redemption.','https://m.media-amazon.com/images/M/MV5BNGNhMDIzZTUtNTBlZi00MTRlLWFjM2ItYzViMjE3YzI5MjljXkEyXkFqcGdeQXVyNzkwMjQ5NzM@._V1_.jpg'),
(6,'Schindler\'s List','1993','195 min','Biography, Drama, History            ','Steven Spielberg ','Liam Neeson, Ralph Fiennes, Ben Kingsley, Caroline Goodall','\nIn German-occupied Poland during World War II, industrialist Oskar Schindler gradually becomes concerned for his Jewish workforce after witnessing their persecution by the Nazis.','https://m.media-amazon.com/images/M/MV5BNDE4OTMxMTctNmRhYy00NWE2LTg3YzItYTk3M2UwOTU5Njg4XkEyXkFqcGdeQXVyNjU0OTQ0OTY@._V1_.jpg'),
(7,'The Lord of the Rings: The Return of the King','2003','201 min','Action, Adventure, Drama            ','Peter Jackson ','Elijah Wood, Viggo Mortensen, Ian McKellen, Orlando Bloom','\nGandalf and Aragorn lead the World of Men against Sauron\'s army to draw his gaze from Frodo and Sam as they approach Mount Doom with the One Ring.','https://m.media-amazon.com/images/M/MV5BNzA5ZDNlZWMtM2NhNS00NDJjLTk4NDItYTRmY2EwMWZlMTY3XkEyXkFqcGdeQXVyNzkwMjQ5NzM@._V1_.jpg'),
(8,'12 Angry Men','1957','96 min','Crime, Drama            ','Sidney Lumet ','Henry Fonda, Lee J. Cobb, Martin Balsam, John Fiedler','\nThe jury in a New York City murder trial is frustrated by a single member whose skeptical caution forces them to more carefully consider the evidence before jumping to a hasty verdict.','https://m.media-amazon.com/images/M/MV5BMWU4N2FjNzYtNTVkNC00NzQ0LTg0MjAtYTJlMjFhNGUxZDFmXkEyXkFqcGdeQXVyNjc1NTYyMjg@._V1_.jpg'),
(9,'The Good, the Bad and the Ugly','1966','178 min','Adventure, Western            ','Sergio Leone ','Clint Eastwood, Eli Wallach, Lee Van Cleef, Aldo Giuffrè','\nA bounty hunting scam joins two men in an uneasy alliance against a third in a race to find a fortune in gold buried in a remote cemetery.','https://m.media-amazon.com/images/M/MV5BNjJlYmNkZGItM2NhYy00MjlmLTk5NmQtNjg1NmM2ODU4OTMwXkEyXkFqcGdeQXVyMjUzOTY1NTc@._V1_.jpg'),
(10,'Forrest Gump','1994','142 min','Drama, Romance            ','Robert Zemeckis ','Tom Hanks, Robin Wright, Gary Sinise, Sally Field','\nThe presidencies of Kennedy and Johnson, the Vietnam War, the Watergate scandal and other historical events unfold from the perspective of an Alabama man with an IQ of 75, whose only desire is to be reunited with his childhood sweetheart.','https://m.media-amazon.com/images/M/MV5BNWIwODRlZTUtY2U3ZS00Yzg1LWJhNzYtMmZiYmEyNmU1NjMzXkEyXkFqcGdeQXVyMTQxNzMzNDI@._V1_.jpg'),
(11,'Inception','2010','148 min','Action, Adventure, Sci-Fi            ','Christopher Nolan ','Leonardo DiCaprio, Joseph Gordon-Levitt, Elliot Page, Ken Watanabe','\nA thief who steals corporate secrets through the use of dream-sharing technology is given the inverse task of planting an idea into the mind of a C.E.O., but his tragic past may doom the project and his team to disaster.','https://m.media-amazon.com/images/M/MV5BMjAxMzY3NjcxNF5BMl5BanBnXkFtZTcwNTI5OTM0Mw@@._V1_.jpg'),
(12,'The Lord of the Rings: The Fellowship of the Ring','2001','178 min','Action, Adventure, Drama            ','Peter Jackson ','Elijah Wood, Ian McKellen, Orlando Bloom, Sean Bean','\nA meek Hobbit from the Shire and eight companions set out on a journey to destroy the powerful One Ring and save Middle-earth from the Dark Lord Sauron.','https://m.media-amazon.com/images/M/MV5BN2EyZjM3NzUtNWUzMi00MTgxLWI0NTctMzY4M2VlOTdjZWRiXkEyXkFqcGdeQXVyNDUzOTQ5MjY@._V1_.jpg'),
(13,'Fight Club','1999','139 min','Drama            ','David Fincher ','Brad Pitt, Edward Norton, Meat Loaf, Zach Grenier','\nAn insomniac office worker and a devil-may-care soap maker form an underground fight club that evolves into much more.','https://m.media-amazon.com/images/M/MV5BNDIzNDU0YzEtYzE5Ni00ZjlkLTk5ZjgtNjM3NWE4YzA3Nzk3XkEyXkFqcGdeQXVyMjUzOTY1NTc@._V1_.jpg'),
(14,'Dangal','2016','161 min','Action, Biography, Drama            ','Nitesh Tiwari ','Aamir Khan, Sakshi Tanwar, Fatima Sana Shaikh, Sanya Malhotra','\nFormer wrestler Mahavir Singh Phogat and his two wrestler daughters struggle towards glory at the Commonwealth Games in the face of societal oppression.','https://m.media-amazon.com/images/M/MV5BMTQ4MzQzMzM2Nl5BMl5BanBnXkFtZTgwMTQ1NzU3MDI@._V1_.jpg'),
(15,'Star Wars: Episode V - The Empire Strikes Back','1980','124 min','Action, Adventure, Fantasy            ','Irvin Kershner ','Mark Hamill, Harrison Ford, Carrie Fisher, Billy Dee Williams','\nAfter the Rebels are brutally overpowered by the Empire on the ice planet Hoth, Luke Skywalker begins Jedi training with Yoda, while his friends are pursued across the galaxy by Darth Vader and bounty hunter Boba Fett.','https://m.media-amazon.com/images/M/MV5BYmU1NDRjNDgtMzhiMi00NjZmLTg5NGItZDNiZjU5NTU4OTE0XkEyXkFqcGdeQXVyNzkwMjQ5NzM@._V1_.jpg'),
(16,'Star Wars','1977','121 min','Action, Adventure, Fantasy            ','George Lucas ','Mark Hamill, Harrison Ford, Carrie Fisher, Alec Guinness','\nLuke Skywalker joins forces with a Jedi Knight, a cocky pilot, a Wookiee and two droids to save the galaxy from the Empire\'s world-destroying battle station, while also attempting to rescue Princess Leia from the mysterious Darth Vader.','https://m.media-amazon.com/images/M/MV5BNzg4MjQxNTQtZmI5My00YjMwLWJlMjUtMmJlY2U2ZWFlNzY1XkEyXkFqcGdeQXVyODk4OTc3MTY@._V1_.jpg'),
(17,'The Matrix','1999','136 min','Action, Sci-Fi            ','Lana Wachowski, Lilly Wachowski ','Keanu Reeves, Laurence Fishburne, Carrie-Anne Moss, Hugo Weaving','\nWhen a beautiful stranger leads computer hacker Neo to a forbidding underworld, he discovers the shocking truth--the life he knows is the elaborate deception of an evil cyber-intelligence.','https://m.media-amazon.com/images/M/MV5BNzQzOTk3OTAtNDQ0Zi00ZTVkLWI0MTEtMDllZjNkYzNjNTc4L2ltYWdlXkEyXkFqcGdeQXVyNjU0OTQ0OTY@._V1_.jpg'),
(18,'Goodfellas','1990','145 min','Biography, Crime, Drama            ','Martin Scorsese ','Robert De Niro, Ray Liotta, Joe Pesci, Lorraine Bracco','\nThe story of Henry Hill and his life in the mob, covering his relationship with his wife Karen Hill and his mob partners Jimmy Conway and Tommy DeVito in the Italian-American crime syndicate.','https://m.media-amazon.com/images/M/MV5BY2NkZjEzMDgtN2RjYy00YzM1LWI4ZmQtMjIwYjFjNmI3ZGEwXkEyXkFqcGdeQXVyNzkwMjQ5NzM@._V1_.jpg'),
(19,'One Flew Over the Cuckoo\'s Nest','1975','133 min','Drama            ','Milos Forman ','Jack Nicholson, Louise Fletcher, Michael Berryman, Peter Brocco','\nA criminal pleads insanity and is admitted to a mental institution, where he rebels against the oppressive nurse and rallies up the scared patients.','https://m.media-amazon.com/images/M/MV5BZjA0OWVhOTAtYWQxNi00YzNhLWI4ZjYtNjFjZTEyYjJlNDVlL2ltYWdlL2ltYWdlXkEyXkFqcGdeQXVyMTQxNzMzNDI@._V1_.jpg'),
(20,'City of God','2002','130 min','Crime, Drama            ','Fernando Meirelles, Kátia Lund ','Alexandre Rodrigues, Leandro Firmino, Matheus Nachtergaele, Phellipe Haagensen','\nIn the slums of Rio, two kids\' paths diverge as one struggles to become a photographer and the other a kingpin.','https://m.media-amazon.com/images/M/MV5BOTMwYjc5ZmItYTFjZC00ZGQ3LTlkNTMtMjZiNTZlMWQzNzI5XkEyXkFqcGdeQXVyNzkwMjQ5NzM@._V1_.jpg'),
(21,'The Lord of the Rings: The Two Towers','2002','179 min','Action, Adventure, Drama            ','Peter Jackson ','Elijah Wood, Ian McKellen, Viggo Mortensen, Orlando Bloom','\nWhile Frodo and Sam edge closer to Mordor with the help of the shifty Gollum, the divided fellowship makes a stand against Sauron\'s new ally, Saruman, and his hordes of Isengard.','https://m.media-amazon.com/images/M/MV5BZGMxZTdjZmYtMmE2Ni00ZTdkLWI5NTgtNjlmMjBiNzU2MmI5XkEyXkFqcGdeQXVyNjU0OTQ0OTY@._V1_.jpg'),
(22,'Seven Samurai','1954','207 min','Action, Drama            ','Akira Kurosawa ','Toshirô Mifune, Takashi Shimura, Keiko Tsushima, Yukiko Shimazaki','\n\"A veteran samurai, gathers six samurais to protect a village from the cruel bandits. As the samurais teach the natives how to defend themselves, the village is attacked by a pack of 40 bandits.','https://m.media-amazon.com/images/M/MV5BNWQ3OTM4ZGItMWEwZi00MjI5LWI3YzgtNTYwNWRkNmIzMGI5XkEyXkFqcGdeQXVyNDY2MTk1ODk@._V1_.jpg'),
(23,'Interstellar','2014','169 min','Adventure, Drama, Sci-Fi            ','Christopher Nolan ','Matthew McConaughey, Anne Hathaway, Jessica Chastain, Mackenzie Foy','\nA team of explorers travel through a wormhole in space in an attempt to ensure humanity\'s survival.','https://m.media-amazon.com/images/M/MV5BZjdkOTU3MDktN2IxOS00OGEyLWFmMjktY2FiMmZkNWIyODZiXkEyXkFqcGdeQXVyMTMxODk2OTU@._V1_.jpg'),
(24,'Your Name.','2016','106 min','Animation, Drama, Fantasy            ','Makoto Shinkai ','Ryûnosuke Kamiki, Mone Kamishiraishi, Ryô Narita, Aoi Yûki','\nTwo strangers find themselves linked in a bizarre way. When a connection forms, will distance be the only thing to keep them apart?','https://m.media-amazon.com/images/M/MV5BODRmZDVmNzUtZDA4ZC00NjhkLWI2M2UtN2M0ZDIzNDcxYThjL2ltYWdlXkEyXkFqcGdeQXVyNTk0MzMzODA@._V1_.jpg'),
(25,'The Silence of the Lambs','1991','118 min','Crime, Drama, Thriller            ','Jonathan Demme ','Jodie Foster, Anthony Hopkins, Lawrence A. Bonney, Kasi Lemmons','\nA young F.B.I. cadet must receive the help of an incarcerated and manipulative cannibal killer to help catch another serial killer, a madman who skins his victims.','https://m.media-amazon.com/images/M/MV5BNjNhZTk0ZmEtNjJhMi00YzFlLWE1MmEtYzM1M2ZmMGMwMTU4XkEyXkFqcGdeQXVyNjU0OTQ0OTY@._V1_.jpg'),
(26,'Léon: The Professional','1994','110 min','Action, Crime, Drama            ','Luc Besson ','Jean Reno, Gary Oldman, Natalie Portman, Danny Aiello','\n12-year-old Mathilda is reluctantly taken in by Léon, a professional assassin, after her family is murdered. An unusual relationship forms as she becomes his protégée and learns the assassin\'s trade.','https://m.media-amazon.com/images/M/MV5BODllNWE0MmEtYjUwZi00ZjY3LThmNmQtZjZlMjI2YTZjYmQ0XkEyXkFqcGdeQXVyNTc1NTQxODI@._V1_.jpg'),
(27,'Se7en','1995','127 min','Crime, Drama, Mystery            ','David Fincher ','Morgan Freeman, Brad Pitt, Kevin Spacey, Andrew Kevin Walker','\nTwo detectives, a rookie and a veteran, hunt a serial killer who uses the seven deadly sins as his motives.','https://m.media-amazon.com/images/M/MV5BOTUwODM5MTctZjczMi00OTk4LTg3NWUtNmVhMTAzNTNjYjcyXkEyXkFqcGdeQXVyNjU0OTQ0OTY@._V1_.jpg'),
(28,'Saving Private Ryan','1998','169 min','Drama, War            ','Steven Spielberg ','Tom Hanks, Matt Damon, Tom Sizemore, Edward Burns','\nFollowing the Normandy Landings, a group of U.S. soldiers go behind enemy lines to retrieve a paratrooper whose brothers have been killed in action.','https://m.media-amazon.com/images/M/MV5BZjhkMDM4MWItZTVjOC00ZDRhLThmYTAtM2I5NzBmNmNlMzI1XkEyXkFqcGdeQXVyNDYyMDk5MTU@._V1_.jpg'),
(29,'The Usual Suspects','1995','106 min','Crime, Drama, Mystery            ','Bryan Singer ','Kevin Spacey, Gabriel Byrne, Chazz Palminteri, Stephen Baldwin','\nA sole survivor tells of the twisty events leading up to a horrific gun battle on a boat, which began when five criminals met at a seemingly random police lineup.','https://m.media-amazon.com/images/M/MV5BYTViNjMyNmUtNDFkNC00ZDRlLThmMDUtZDU2YWE4NGI2ZjVmXkEyXkFqcGdeQXVyNjU0OTQ0OTY@._V1_.jpg'),
(30,'Spirited Away','2001','125 min','Animation, Adventure, Family            ','Hayao Miyazaki ','Daveigh Chase, Suzanne Pleshette, Miyu Irino, Rumi Hiiragi','\nDuring her family\'s move to the suburbs, a sullen 10-year-old girl wanders into a world ruled by gods, witches, and spirits, and where humans are changed into beasts.','https://m.media-amazon.com/images/M/MV5BMjlmZmI5MDctNDE2YS00YWE0LWE5ZWItZDBhYWQ0NTcxNWRhXkEyXkFqcGdeQXVyMTMxODk2OTU@._V1_.jpg'),
(31,'Life Is Beautiful','1997','116 min','Comedy, Drama, Romance            ','Roberto Benigni ','Roberto Benigni, Nicoletta Braschi, Giorgio Cantarini, Giustino Durano','\nWhen an open-minded Jewish waiter and his son become victims of the Holocaust, he uses a perfect mixture of will, humor, and imagination to protect his son from the dangers around their camp.','https://m.media-amazon.com/images/M/MV5BYmJmM2Q4NmMtYThmNC00ZjRlLWEyZmItZTIwOTBlZDQ3NTQ1XkEyXkFqcGdeQXVyMTQxNzMzNDI@._V1_.jpg'),
(32,'The Intouchables','2011','112 min','Biography, Comedy, Drama            ','Olivier Nakache, Éric Toledano ','François Cluzet, Omar Sy, Anne Le Ny, Audrey Fleurot','\nAfter he becomes a quadriplegic from a paragliding accident, an aristocrat hires a young man from the projects to be his caregiver.','https://m.media-amazon.com/images/M/MV5BMTYxNDA3MDQwNl5BMl5BanBnXkFtZTcwNTU4Mzc1Nw@@._V1_.jpg'),
(33,'Once Upon a Time in the West','1968','165 min','Western            ','Sergio Leone ','Henry Fonda, Charles Bronson, Claudia Cardinale, Jason Robards','\nA mysterious stranger with a harmonica joins forces with a notorious desperado to protect a beautiful widow from a ruthless assassin working for the railroad.','https://m.media-amazon.com/images/M/MV5BODQ3NDExOGYtMzI3Mi00NWRlLTkwNjAtNjc4MDgzZGJiZTA1XkEyXkFqcGdeQXVyMjUzOTY1NTc@._V1_.jpg'),
(34,'It\'s a Wonderful Life','1946','130 min','Drama, Family, Fantasy            ','Frank Capra ','James Stewart, Donna Reed, Lionel Barrymore, Thomas Mitchell','\nAn angel is sent from Heaven to help a desperately frustrated businessman by showing him what life would have been like if he had never existed.','https://m.media-amazon.com/images/M/MV5BZjc4NDZhZWMtNGEzYS00ZWU2LThlM2ItNTA0YzQ0OTExMTE2XkEyXkFqcGdeQXVyNjUwMzI2NzU@._V1_.jpg'),
(35,'City Lights','1931','87 min','Comedy, Drama, Romance            ','Charles Chaplin ','Charles Chaplin, Virginia Cherrill, Florence Lee, Harry Myers','\nWith the aid of a wealthy erratic tippler, a dewy-eyed tramp who has fallen in love with a sightless flower girl accumulates money to be able to help her medically.','https://m.media-amazon.com/images/M/MV5BY2I4MmM1N2EtM2YzOS00OWUzLTkzYzctNDc5NDg2N2IyODJmXkEyXkFqcGdeQXVyNzkwMjQ5NzM@._V1_.jpg'),
(36,'My Father and My Son','2005','112 min','Drama, Family            ','Cagan Irmak ','Çetin Tekindor, Fikret Kuskan, Hümeyra, Ege Tanman','\nThe family of a left-wing journalist is torn apart after the military coup of Turkey in 1980.','https://m.media-amazon.com/images/M/MV5BNjAzMzEwYzctNjc1MC00Nzg5LWFmMGItMTgzYmMyNTY2OTQ4XkEyXkFqcGdeQXVyNjU0OTQ0OTY@._V1_.jpg'),
(37,'Alien','1979','117 min','Horror, Sci-Fi            ','Ridley Scott ','Sigourney Weaver, Tom Skerritt, John Hurt, Veronica Cartwright','\nThe crew of a commercial spacecraft encounter a deadly lifeform after investigating an unknown transmission.','https://m.media-amazon.com/images/M/MV5BOGQzZTBjMjQtOTVmMS00NGE5LWEyYmMtOGQ1ZGZjNmRkYjFhXkEyXkFqcGdeQXVyMjUzOTY1NTc@._V1_.jpg'),
(38,'The Prestige','2006','130 min','Drama, Mystery, Sci-Fi            ','Christopher Nolan ','Christian Bale, Hugh Jackman, Scarlett Johansson, Michael Caine','\nAfter a tragic accident, two stage magicians in 1890s London engage in a battle to create the ultimate illusion while sacrificing everything they have to outwit each other.','https://m.media-amazon.com/images/M/MV5BMjA4NDI0MTIxNF5BMl5BanBnXkFtZTYwNTM0MzY2._V1_UY209_CR0,0,140,209_AL_.jpg@._V1_.jpg'),
(39,'Gladiator','2000','155 min','Action, Adventure, Drama            ','Ridley Scott ','Russell Crowe, Joaquin Phoenix, Connie Nielsen, Oliver Reed','\nA former Roman General sets out to exact vengeance against the corrupt emperor who murdered his family and sent him into slavery.','https://m.media-amazon.com/images/M/MV5BMDliMmNhNDEtODUyOS00MjNlLTgxODEtN2U3NzIxMGVkZTA1L2ltYWdlXkEyXkFqcGdeQXVyNjU0OTQ0OTY@._V1_.jpg'),
(40,'The Dark Knight Rises','2012','164 min','Action, Drama            ','Christopher Nolan ','Christian Bale, Tom Hardy, Anne Hathaway, Gary Oldman','\nEight years after the Joker\'s reign of anarchy, Batman, with the help of the enigmatic Catwoman, is forced from his exile to save Gotham City from the brutal guerrilla terrorist Bane.','https://m.media-amazon.com/images/M/MV5BMTk4ODQzNDY3Ml5BMl5BanBnXkFtZTcwODA0NTM4Nw@@._V1_.jpg'),
(41,'Whiplash','2014','106 min','Drama, Music            ','Damien Chazelle ','Miles Teller, J.K. Simmons, Melissa Benoist, Paul Reiser','\nA promising young drummer enrolls at a cut-throat music conservatory where his dreams of greatness are mentored by an instructor who will stop at nothing to realize a student\'s potential.','https://m.media-amazon.com/images/M/MV5BOTA5NDZlZGUtMjAxOS00YTRkLTkwYmMtYWQ0NWEwZDZiNjEzXkEyXkFqcGdeQXVyMTMxODk2OTU@._V1_.jpg'),
(42,'Memento','2000','113 min','Mystery, Thriller            ','Christopher Nolan ','Guy Pearce, Carrie-Anne Moss, Joe Pantoliano, Mark Boone Junior','\nA man with short-term memory loss attempts to track down his wife\'s murderer.','https://m.media-amazon.com/images/M/MV5BZTcyNjk1MjgtOWI3Mi00YzQwLWI5MTktMzY4ZmI2NDAyNzYzXkEyXkFqcGdeQXVyNjU0OTQ0OTY@._V1_.jpg'),
(43,'The Green Mile','1999','189 min','Crime, Drama, Fantasy            ','Frank Darabont ','Tom Hanks, Michael Clarke Duncan, David Morse, Bonnie Hunt','\nThe lives of guards on Death Row are affected by one of their charges: a black man accused of child murder and rape, yet who has a mysterious gift.','https://m.media-amazon.com/images/M/MV5BMTUxMzQyNjA5MF5BMl5BanBnXkFtZTYwOTU2NTY3._V1_UY209_CR0,0,140,209_AL_.jpg@._V1_.jpg'),
(44,'Apocalypse Now','1979','147 min','Drama, Mystery, War            ','Francis Ford Coppola ','Martin Sheen, Marlon Brando, Robert Duvall, Frederic Forrest','\nA U.S. Army officer serving in Vietnam is tasked with assassinating a renegade Special Forces Colonel who sees himself as a god.','https://m.media-amazon.com/images/M/MV5BYmQyNTA1ZGItNjZjMi00NzFlLWEzMWEtNWMwN2Q2MjJhYzEyXkEyXkFqcGdeQXVyMjUzOTY1NTc@._V1_.jpg'),
(45,'Psycho','1960','109 min','Horror, Mystery, Thriller            ','Alfred Hitchcock ','Anthony Perkins, Janet Leigh, Vera Miles, John Gavin','\nA Phoenix secretary embezzles $40,000 from her employer\'s client, goes on the run, and checks into a remote motel run by a young man under the domination of his mother.','https://m.media-amazon.com/images/M/MV5BNTQwNDM1YzItNDAxZC00NWY2LTk0M2UtNDIwNWI5OGUyNWUxXkEyXkFqcGdeQXVyNzkwMjQ5NzM@._V1_.jpg'),
(46,'Indiana Jones and the Raiders of the Lost Ark','1981','115 min','Action, Adventure            ','Steven Spielberg ','Harrison Ford, Karen Allen, Paul Freeman, John Rhys-Davies','\nArchaeology professor Indiana Jones ventures to seize a biblical artefact known as the Ark of the Covenant. While doing so, he puts up a fight against Renee and a troop of Nazis.','https://m.media-amazon.com/images/M/MV5BNTU2ODkyY2MtMjU1NC00NjE1LWEzYjgtMWQ3MzRhMTE0NDc0XkEyXkFqcGdeQXVyMjM4MzQ4OTQ@._V1_.jpg'),
(47,'Terminator 2: Judgment Day','1991','137 min','Action, Sci-Fi            ','James Cameron ','Arnold Schwarzenegger, Linda Hamilton, Edward Furlong, Robert Patrick','\nA cyborg, identical to the one who failed to kill Sarah Connor, must now protect her ten-year-old son John from a more advanced and powerful cyborg.','https://m.media-amazon.com/images/M/MV5BMGU2NzRmZjUtOGUxYS00ZjdjLWEwZWItY2NlM2JhNjkxNTFmXkEyXkFqcGdeQXVyNjU0OTQ0OTY@._V1_.jpg'),
(48,'The Pianist','2002','150 min','Biography, Drama, Music            ','Roman Polanski ','Adrien Brody, Thomas Kretschmann, Frank Finlay, Emilia Fox','\nA Polish Jewish musician struggles to survive the destruction of the Warsaw ghetto of World War II.','https://m.media-amazon.com/images/M/MV5BOWRiZDIxZjktMTA1NC00MDQ2LWEzMjUtMTliZmY3NjQ3ODJiXkEyXkFqcGdeQXVyNjU0OTQ0OTY@._V1_.jpg'),
(49,'The Lives of Others','2006','137 min','Drama, Mystery, Thriller            ','Florian Henckel von Donnersmarck ','Ulrich Mühe, Martina Gedeck, Sebastian Koch, Ulrich Tukur','\nIn 1984 East Berlin, an agent of the secret police, conducting surveillance on a writer and his lover, finds himself becoming increasingly absorbed by their lives.','https://m.media-amazon.com/images/M/MV5BNmQyNmJjM2ItNTQzYi00ZjMxLWFjMDYtZjUyN2YwZDk5YWQ2XkEyXkFqcGdeQXVyMjUzOTY1NTc@._V1_.jpg'),
(50,'Dr. Strangelove or: How I Learned to Stop Worrying and Love the Bomb','1964','95 min','Comedy, War            ','Stanley Kubrick ','Peter Sellers, George C. Scott, Sterling Hayden, Keenan Wynn','\nAn insane American general orders a bombing attack on the Soviet Union, triggering a path to nuclear holocaust that a war room full of politicians and generals frantically tries to stop.','https://m.media-amazon.com/images/M/MV5BZWI3ZTMxNjctMjdlNS00NmUwLWFiM2YtZDUyY2I3N2MxYTE0XkEyXkFqcGdeQXVyNzkwMjQ5NzM@._V1_.jpg'),
(51,'American History X','1998','119 min','Crime, Drama            ','Tony Kaye ','Edward Norton, Edward Furlong, Beverly D\'Angelo, Jennifer Lien','\nA former neo-nazi skinhead tries to prevent his younger brother from going down the same wrong path that he did.','https://m.media-amazon.com/images/M/MV5BZTJhN2FkYWEtMGI0My00YWM4LWI2MjAtM2UwNjY4MTI2ZTQyXkEyXkFqcGdeQXVyNjc3MjQzNTI@._V1_.jpg'),
(52,'Back to the Future','1985','116 min','Adventure, Comedy, Sci-Fi            ','Robert Zemeckis ','Michael J. Fox, Christopher Lloyd, Lea Thompson, Crispin Glover','\nMarty McFly, a 17-year-old high school student, is accidentally sent 30 years into the past in a time-traveling DeLorean invented by his close friend, the maverick scientist Doc Brown.','https://m.media-amazon.com/images/M/MV5BZmU0M2Y1OGUtZjIxNi00ZjBkLTg1MjgtOWIyNThiZWIwYjRiXkEyXkFqcGdeQXVyMTQxNzMzNDI@._V1_.jpg'),
(53,'Casino','1995','178 min','Crime, Drama            ','Martin Scorsese ','Robert De Niro, Sharon Stone, Joe Pesci, James Woods','\nA tale of greed, deception, money, power, and murder occur between two best friends: a mafia enforcer and a casino executive compete against each other over a gambling empire, and over a fast-living and fast-loving socialite.','https://m.media-amazon.com/images/M/MV5BMTcxOWYzNDYtYmM4YS00N2NkLTk0NTAtNjg1ODgwZjAxYzI3XkEyXkFqcGdeQXVyNTA4NzY1MzY@._V1_.jpg'),
(54,'Die Hard','1988','132 min','Action, Thriller            ','John McTiernan ','Bruce Willis, Alan Rickman, Bonnie Bedelia, Reginald VelJohnson','\nAn NYPD officer tries to save his wife and several others taken hostage by German terrorists during a Christmas party at the Nakatomi Plaza in Los Angeles.','https://m.media-amazon.com/images/M/MV5BZjRlNDUxZjAtOGQ4OC00OTNlLTgxNmQtYTBmMDgwZmNmNjkxXkEyXkFqcGdeQXVyNzkwMjQ5NzM@._V1_.jpg'),
(55,'The Elephant Man','1980','124 min','Biography, Drama            ','David Lynch ','Anthony Hopkins, John Hurt, Anne Bancroft, John Gielgud','\nA Victorian surgeon rescues a heavily disfigured man who is mistreated while scraping a living as a side-show freak. Behind his monstrous façade, there is revealed a person of kindness, intelligence and sophistication.','https://m.media-amazon.com/images/M/MV5BMDVjNjIwOGItNDE3Ny00OThjLWE0NzQtZTU3YjMzZTZjMzhkXkEyXkFqcGdeQXVyMTQxNzMzNDI@._V1_.jpg'),
(56,'Finding Nemo','2003','100 min','Animation, Adventure, Comedy            ','Andrew Stanton, Lee Unkrich ','Albert Brooks, Ellen DeGeneres, Alexander Gould, Willem Dafoe','\nAfter his son is captured in the Great Barrier Reef and taken to Sydney, a timid clownfish sets out on a journey to bring him home.','https://m.media-amazon.com/images/M/MV5BZTAzNWZlNmUtZDEzYi00ZjA5LWIwYjEtZGM1NWE1MjE4YWRhXkEyXkFqcGdeQXVyNjU0OTQ0OTY@._V1_.jpg'),
(57,'Gran Torino','2008','116 min','Drama            ','Clint Eastwood ','Clint Eastwood, Bee Vang, Christopher Carley, Ahney Her','\nDisgruntled Korean War veteran Walt Kowalski sets out to reform his neighbor, Thao Lor, a Hmong teenager who tried to steal Kowalski\'s prized possession: a 1972 Gran Torino.','https://m.media-amazon.com/images/M/MV5BMTc5NTk2OTU1Nl5BMl5BanBnXkFtZTcwMDc3NjAwMg@@._V1_.jpg'),
(58,'Harry Potter and the Sorcerer\'s Stone','2001','152 min','Adventure, Family, Fantasy            ','Chris Columbus ','Daniel Radcliffe, Rupert Grint, Richard Harris, Maggie Smith','\nAn orphaned boy enrolls in a school of wizardry, where he learns the truth about himself, his family and the terrible evil that haunts the magical world.','https://m.media-amazon.com/images/M/MV5BMzkyZGFlOWQtZjFlMi00N2YwLWE2OWQtYTgxY2NkNmM1NjMwXkEyXkFqcGdeQXVyNjY1NTM1MzA@._V1_.jpg'),
(59,'Indiana Jones and the Temple of Doom','1984','118 min','Action, Adventure            ','Steven Spielberg ','Harrison Ford, Kate Capshaw, Ke Huy Quan, Amrish Puri','\nA skirmish in Shanghai puts archaeologist Indiana Jones, his partner Short Round and singer Willie Scott crossing paths with an Indian village desperate to reclaim a rock stolen by a secret cult beneath the catacombs of an ancient palace.','https://m.media-amazon.com/images/M/MV5BYzgzMTIzNzctNmNiZC00ZDYyLWJjNzktMmQ2MDM2ZDkwZGVhXkEyXkFqcGdeQXVyMjM4MzQ4OTQ@._V1_.jpg'),
(60,'Jurassic Park','1993','127 min','Action, Adventure, Sci-Fi            ','Steven Spielberg ','Sam Neill, Laura Dern, Jeff Goldblum, Richard Attenborough','\nA pragmatic paleontologist touring an almost complete theme park on an island in Central America is tasked with protecting a couple of kids after a power failure causes the park\'s cloned dinosaurs to run loose.','https://m.media-amazon.com/images/M/MV5BMjM2MDgxMDg0Nl5BMl5BanBnXkFtZTgwNTM2OTM5NDE@._V1_.jpg'),
(61,'Kill Bill: Vol. 1','2003','111 min','Action, Crime, Drama            ','Quentin Tarantino ','Uma Thurman, David Carradine, Daryl Hannah, Michael Madsen','\nAfter awakening from a four-year coma, a former assassin wreaks vengeance on the team of assassins who betrayed her.','https://m.media-amazon.com/images/M/MV5BNzM3NDFhYTAtYmU5Mi00NGRmLTljYjgtMDkyODQ4MjNkMGY2XkEyXkFqcGdeQXVyNzkwMjQ5NzM@._V1_.jpg'),
(62,'Logan','2017','137 min','Action, Drama, Sci-Fi            ','James Mangold ','Hugh Jackman, Patrick Stewart, Dafne Keen, Boyd Holbrook','\nIn a future where mutants are nearly extinct, an elderly and weary Logan leads a quiet life. But when Laura, a mutant child pursued by scientists, comes to him for help, he must get her to safety.','https://m.media-amazon.com/images/M/MV5BYzc5MTU4N2EtYTkyMi00NjdhLTg3NWEtMTY4OTEyMzJhZTAzXkEyXkFqcGdeQXVyNjc1NTYyMjg@._V1_.jpg'),
(63,'Monsters, Inc.','2001','92 min','Animation, Adventure, Comedy            ','Pete Docter, David Silverman, Lee Unkrich ','Billy Crystal, John Goodman, Mary Gibbs, Steve Buscemi','\nIn order to power the city, monsters have to scare children so that they scream. However, the children are toxic to the monsters, and after a child gets through, two monsters realize things may not be what they think.','https://m.media-amazon.com/images/M/MV5BMTY1NTI0ODUyOF5BMl5BanBnXkFtZTgwNTEyNjQ0MDE@._V1_.jpg'),
(64,'Night of the Living Dead','1968','96 min','Horror, Thriller            ','George A. Romero ','Duane Jones, Judith O\'Dea, Karl Hardman, Marilyn Eastman','\nA ragtag group of Pennsylvanians barricade themselves in an old farmhouse to remain safe from a horde of flesh-eating ghouls that are ravaging the East Coast of the United States.','https://m.media-amazon.com/images/M/MV5BMzRmN2E1ZDUtZDc2ZC00ZmI3LTkwOTctNzE2ZDIzMGJiMTYzXkEyXkFqcGdeQXVyMTQxNzMzNDI@._V1_.jpg'),
(65,'Ocean\'s Eleven','2001','116 min','Crime, Thriller            ','Steven Soderbergh ','George Clooney, Brad Pitt, Julia Roberts, Matt Damon','\nDanny Ocean and his ten accomplices plan to rob three Las Vegas casinos simultaneously.','https://m.media-amazon.com/images/M/MV5BYzVmYzVkMmUtOGRhMi00MTNmLThlMmUtZTljYjlkMjNkMjJkXkEyXkFqcGdeQXVyNDk3NzU2MTQ@._V1_.jpg'),
(66,'Pirates of the Caribbean: The Curse of the Black Pearl','2003','143 min','Action, Adventure, Fantasy            ','Gore Verbinski ','Johnny Depp, Geoffrey Rush, Orlando Bloom, Keira Knightley','\nBlacksmith Will Turner teams up with eccentric pirate \"Captain\" Jack Sparrow to save his love, the governor\'s daughter, from Jack\'s former pirate allies, who are now undead.','https://m.media-amazon.com/images/M/MV5BNGYyZGM5MGMtYTY2Ni00M2Y1LWIzNjQtYWUzM2VlNGVhMDNhXkEyXkFqcGdeQXVyMTMxODk2OTU@._V1_.jpg'),
(67,'Quantum of Solace','2008','106 min','Action, Adventure, Thriller            ','Marc Forster ','Daniel Craig, Olga Kurylenko, Mathieu Amalric, Judi Dench','\nJames Bond descends into mystery as he tries to stop a mysterious organisation from eliminating a country\'s most valuable resource.','https://m.media-amazon.com/images/M/MV5BMzhjYzlmYjQtYmU0Yy00NjNkLWFmOTQtZjQxZWU4NjY1Y2M4XkEyXkFqcGdeQXVyMjUzOTY1NTc@._V1_.jpg'),
(68,'Rocky','1976','120 min','Drama, Sport            ','John G. Avildsen ','Sylvester Stallone, Talia Shire, Burt Young, Carl Weathers','\nA small-time Philadelphia boxer gets a supremely rare chance to fight the world heavyweight champion in a bout in which he strives to go the distance for his self-respect.','https://m.media-amazon.com/images/M/MV5BNTBkMjg2MjYtYTZjOS00ODQ0LTg0MDEtM2FiNmJmOGU1NGEwXkEyXkFqcGdeQXVyMjUzOTY1NTc@._V1_.jpg'),
(69,'Shrek','2001','90 min','Animation, Adventure, Comedy            ','Andrew Adamson, Vicky Jenson ','Mike Myers, Eddie Murphy, Cameron Diaz, John Lithgow','\nA mean lord exiles fairytale creatures to the swamp of a grumpy ogre, who must go on a quest and rescue a princess for the lord in order to get his land back.','https://m.media-amazon.com/images/M/MV5BOGZhM2FhNTItODAzNi00YjA0LWEyN2UtNjJlYWQzYzU1MDg5L2ltYWdlL2ltYWdlXkEyXkFqcGdeQXVyMTQxNzMzNDI@._V1_.jpg'),
(70,'Taken','0','90 min','Action, Crime, Thriller            ','Pierre Morel ','Liam Neeson, Maggie Grace, Famke Janssen, Leland Orser','\nA retired CIA agent travels across Europe and relies on his old skills to save his estranged daughter, who has been kidnapped while on a trip to Paris.','https://m.media-amazon.com/images/M/MV5BMTM4NzQ0OTYyOF5BMl5BanBnXkFtZTcwMDkyNjQyMg@@._V1_.jpg'),
(71,'Up','2009','96 min','Animation, Adventure, Comedy            ','Pete Docter, Bob Peterson ','Edward Asner, Jordan Nagai, John Ratzenberger, Christopher Plummer','\n78-year-old Carl Fredricksen travels to Paradise Falls in his house equipped with balloons, inadvertently taking a young stowaway.','https://m.media-amazon.com/images/M/MV5BMTk3NDE2NzI4NF5BMl5BanBnXkFtZTgwNzE1MzEyMTE@._V1_.jpg'),
(72,'V for Vendetta','2006','132 min','Action, Drama, Sci-Fi            ','James McTeigue ','Hugo Weaving, Natalie Portman, Rupert Graves, Stephen Rea','\nIn a future British dystopian society, a shadowy freedom fighter, known only by the alias of \"V\", plots to overthrow the tyrannical government - with the help of a young woman.','https://m.media-amazon.com/images/M/MV5BOTI5ODc3NzExNV5BMl5BanBnXkFtZTcwNzYxNzQzMw@@._V1_.jpg'),
(73,'WALL·E','2008','98 min','Animation, Adventure, Family            ','Andrew Stanton ','Ben Burtt, Elissa Knight, Jeff Garlin, Fred Willard','\nIn the distant future, a small waste-collecting robot inadvertently embarks on a space journey that will ultimately decide the fate of mankind.','https://m.media-amazon.com/images/M/MV5BMjExMTg5OTU0NF5BMl5BanBnXkFtZTcwMjMxMzMzMw@@._V1_.jpg'),
(74,'X-Men','2000','104 min','Action, Adventure, Sci-Fi            ','Bryan Singer ','Patrick Stewart, Hugh Jackman, Ian McKellen, Famke Janssen','\nIn a world where mutants (evolved super-powered humans) exist and are discriminated against, two groups form for an inevitable clash: the supremacist Brotherhood, and the pacifist X-Men.','https://m.media-amazon.com/images/M/MV5BZmIyMDk5NGYtYjQ5NS00ZWQxLTg2YzQtZDk1ZmM4ZDBlN2E3XkEyXkFqcGdeQXVyMTQxNzMzNDI@._V1_.jpg'),
(75,'Young Frankenstein','1974','106 min','Comedy            ','Mel Brooks ','Gene Wilder, Madeline Kahn, Marty Feldman, Peter Boyle','\nAn American grandson of the infamous scientist, struggling to prove that his grandfather was not as insane as people believe, is invited to Transylvania, where he discovers the process that reanimates a dead body.','https://m.media-amazon.com/images/M/MV5BMTEwNjg2MjM2ODFeQTJeQWpwZ15BbWU4MDQ1MDU5OTEx._V1_UX140_CR0,0,140,209_AL_.jpg@._V1_.jpg'),
(76,'Zulu','1964','138 min','Drama, History, War            ','Cy Endfield ','Stanley Baker, Jack Hawkins, Ulla Jacobsson, James Booth','\nOutnumbered British soldiers do battle with Zulu warriors at Rorke\'s Drift.','https://m.media-amazon.com/images/M/MV5BYzdlYmQ3MWMtMDY3My00MzVmLTg0YmMtYjRlZDUzNjBlMmE0L2ltYWdlL2ltYWdlXkEyXkFqcGdeQXVyNjc1NTYyMjg@._V1_.jpg'),
(77,'Casablanca','1942','102 min','Drama, Romance, War            ','Michael Curtiz ','Humphrey Bogart, Ingrid Bergman, Paul Henreid, Claude Rains','\nA cynical expatriate American cafe owner struggles to decide whether or not to help his former lover and her fugitive husband escape the Nazis in French Morocco.','https://m.media-amazon.com/images/M/MV5BY2IzZGY2YmEtYzljNS00NTM5LTgwMzUtMzM1NjQ4NGI0OTk0XkEyXkFqcGdeQXVyNDYyMDk5MTU@._V1_.jpg'),
(78,'Rear Window','1954','112 min','Mystery, Thriller            ','Alfred Hitchcock ','James Stewart, Grace Kelly, Wendell Corey, Thelma Ritter','\nA wheelchair-bound photographer spies on his neighbors from his Greenwich Village courtyard apartment window, and becomes convinced one of them has committed murder, despite the skepticism of his fashion-model girlfriend.','https://m.media-amazon.com/images/M/MV5BNGUxYWM3M2MtMGM3Mi00ZmRiLWE0NGQtZjE5ODI2OTJhNTU0XkEyXkFqcGdeQXVyMTQxNzMzNDI@._V1_.jpg'),
(79,'Sunset Blvd.','1950','110 min','Drama, Film-Noir            ','Billy Wilder ','William Holden, Gloria Swanson, Erich von Stroheim, Nancy Olson','\nA screenwriter develops a dangerous relationship with a faded film star determined to make a triumphant return.','https://m.media-amazon.com/images/M/MV5BMTU0NTkyNzYwMF5BMl5BanBnXkFtZTgwMDU0NDk5MTI@._V1_.jpg'),
(80,'Grave of the Fireflies','1988','89 min','Animation, Drama, War            ','Isao Takahata ','Tsutomu Tatsumi, Ayano Shiraishi, Akemi Yamaguchi, Yoshiko Shinohara','\nA young boy and his little sister struggle to survive in Japan during World War II.','https://m.media-amazon.com/images/M/MV5BZmY2NjUzNDQtNTgxNC00M2Q4LTljOWQtMjNjNDBjNWUxNmJlXkEyXkFqcGdeQXVyNTA4NzY1MzY@._V1_.jpg'),
(81,'Cinema Paradiso','1988','155 min','Drama, Romance            ','Giuseppe Tornatore ','Philippe Noiret, Enzo Cannavale, Antonella Attili, Isa Danieli','\nA filmmaker recalls his childhood when falling in love with the pictures at the cinema of his home village and forms a deep friendship with the cinema\'s projectionist.','https://m.media-amazon.com/images/M/MV5BM2FhYjEyYmYtMDI1Yy00YTdlLWI2NWQtYmEzNzAxOGY1NjY2XkEyXkFqcGdeQXVyNTA3NTIyNDg@._V1_.jpg'),
(82,'The Great Dictator','1940','125 min','Comedy, Drama, War            ','Charles Chaplin ','Charles Chaplin, Paulette Goddard, Jack Oakie, Reginald Gardiner','\nDictator Adenoid Hynkel tries to expand his empire while a poor Jewish barber tries to avoid persecution from Hynkel\'s regime.','https://m.media-amazon.com/images/M/MV5BMmExYWJjNTktNGUyZS00ODhmLTkxYzAtNWIzOGEyMGNiMmUwXkEyXkFqcGdeQXVyNjU0OTQ0OTY@._V1_.jpg'),
(83,'Modern Times','1936','87 min','Comedy, Drama, Romance            ','Charles Chaplin ','Charles Chaplin, Paulette Goddard, Henry Bergman, Tiny Sandford','\nThe Tramp struggles to live in modern industrial society with the help of a young homeless woman.','https://m.media-amazon.com/images/M/MV5BYjJiZjMzYzktNjU0NS00OTkxLWEwYzItYzdhYWJjN2QzMTRlL2ltYWdlL2ltYWdlXkEyXkFqcGdeQXVyNjU0OTQ0OTY@._V1_.jpg'),
(84,'Paths of Glory','1957','88 min','Drama, War            ','Stanley Kubrick ','Kirk Douglas, Ralph Meeker, Adolphe Menjou, George Macready','\nAfter refusing to attack an enemy position, a general accuses the soldiers of cowardice and their commanding officer must defend them.','https://m.media-amazon.com/images/M/MV5BOTI5Nzc0OTMtYzBkMS00NjkxLThmM2UtNjM2ODgxN2M5NjNkXkEyXkFqcGdeQXVyNjQ2MjQ5NzM@._V1_.jpg'),
(85,'Like Stars on Earth','2007','165 min','Drama, Family            ','Aamir Khan, Amole Gupte ','Darsheel Safary, Aamir Khan, Tisca Chopra, Vipin Sharma','\nAn eight-year-old boy is thought to be a lazy trouble-maker, until the new art teacher has the patience and compassion to discover the real problem behind his struggles in school.','https://m.media-amazon.com/images/M/MV5BMDhjZWViN2MtNzgxOS00NmI4LThiZDQtZDI3MzM4MDE4NTc0XkEyXkFqcGdeQXVyMTMxODk2OTU@._V1_.jpg'),
(86,'Aliens','1986','137 min','Action, Adventure, Sci-Fi            ','James Cameron ','Sigourney Weaver, Michael Biehn, Carrie Henn, Paul Reiser','\nFifty-seven years after surviving an apocalyptic attack aboard her space vessel by merciless space creatures, Officer Ripley awakens from hyper-sleep and tries to warn anyone who will listen about the predators.','https://m.media-amazon.com/images/M/MV5BZGU2OGY5ZTYtMWNhYy00NjZiLWI0NjUtZmNhY2JhNDRmODU3XkEyXkFqcGdeQXVyNzkwMjQ5NzM@._V1_.jpg'),
(87,'Django Unchained','2012','165 min','Drama, Western            ','Quentin Tarantino ','Jamie Foxx, Christoph Waltz, Leonardo DiCaprio, Kerry Washington','\nWith the help of a German bounty-hunter, a freed slave sets out to rescue his wife from a brutal plantation-owner in Mississippi.','https://m.media-amazon.com/images/M/MV5BMjIyNTQ5NjQ1OV5BMl5BanBnXkFtZTcwODg1MDU4OA@@._V1_.jpg'),
(88,'American Beauty','1999','122 min','Drama            ','Sam Mendes ','Kevin Spacey, Annette Bening, Thora Birch, Wes Bentley','\nA sexually frustrated suburban father has a mid-life crisis after becoming infatuated with his daughter\'s best friend.','https://m.media-amazon.com/images/M/MV5BNTBmZWJkNjctNDhiNC00MGE2LWEwOTctZTk5OGVhMWMyNmVhXkEyXkFqcGdeQXVyMTMxODk2OTU@._V1_.jpg'),
(89,'The Shining','1980','146 min','Drama, Horror            ','Stanley Kubrick ','Jack Nicholson, Shelley Duvall, Danny Lloyd, Scatman Crothers','\nA family heads to an isolated hotel for the winter where a sinister presence influences the father into violence, while his psychic son sees horrific forebodings from both past and future.','https://m.media-amazon.com/images/M/MV5BZWFlYmY2MGEtZjVkYS00YzU4LTg0YjQtYzY1ZGE3NTA5NGQxXkEyXkFqcGdeQXVyMTQxNzMzNDI@._V1_.jpg'),
(90,'Requiem for a Dream','2000','102 min','Drama            ','Darren Aronofsky ','Ellen Burstyn, Jared Leto, Jennifer Connelly, Marlon Wayans','\nThe drug-induced utopias of four Coney Island people are shattered when their addictions run deep.','https://m.media-amazon.com/images/M/MV5BOTdiNzJlOWUtNWMwNS00NmFlLWI0YTEtZmI3YjIzZWUyY2Y3XkEyXkFqcGdeQXVyNjU0OTQ0OTY@._V1_.jpg'),
(91,'Braveheart','1995','178 min','Biography, Drama, History            ','Mel Gibson ','Mel Gibson, Sophie Marceau, Patrick McGoohan, Angus Macfadyen','\nScottish warrior William Wallace leads his countrymen in a rebellion to free his homeland from the tyranny of King Edward I of England.','https://m.media-amazon.com/images/M/MV5BMzkzMmU0YTYtOWM3My00YzBmLWI0YzctOGYyNTkwMWE5MTJkXkEyXkFqcGdeQXVyNzkwMjQ5NzM@._V1_.jpg'),
(92,'Oldboy','2003','120 min','Action, Drama, Mystery            ','Park Chan-wook ','Choi Min-sik, Yoo Ji-tae, Kang Hye-jeong, Kim Byeong-Ok','\nAfter being kidnapped and imprisoned for fifteen years, Oh Dae-Su is released, only to find that he must find his captor in five days.','https://m.media-amazon.com/images/M/MV5BMTI3NTQyMzU5M15BMl5BanBnXkFtZTcwMTM2MjgyMQ@@._V1_.jpg'),
(93,'Star Wars: Episode VI - Return of the Jedi','1983','131 min','Action, Adventure, Fantasy            ','Richard Marquand ','Mark Hamill, Harrison Ford, Carrie Fisher, Billy Dee Williams','\nAfter a daring mission to rescue Han Solo from Jabba the Hutt, the Rebels dispatch to Endor to destroy the second Death Star. Meanwhile, Luke struggles to help Darth Vader back from the dark side without falling into the Emperor\'s trap.','https://m.media-amazon.com/images/M/MV5BOWZlMjFiYzgtMTUzNC00Y2IzLTk1NTMtZmNhMTczNTk0ODk1XkEyXkFqcGdeQXVyNTAyODkwOQ@@._V1_.jpg'),
(94,'North by Northwest','1959','136 min','Action, Adventure, Mystery            ','Alfred Hitchcock ','Cary Grant, Eva Marie Saint, James Mason, Jessie Royce Landis','\nA New York City advertising executive goes on the run after being mistaken for a government agent by a group of foreign spies, and falls for a woman whose loyalties he begins to doubt.','https://m.media-amazon.com/images/M/MV5BZDA3NDExMTUtMDlhOC00MmQ5LWExZGUtYmI1NGVlZWI4OWNiXkEyXkFqcGdeQXVyNjc1NTYyMjg@._V1_.jpg'),
(95,'Amélie','2001','122 min','Comedy, Romance            ','Jean-Pierre Jeunet ','Audrey Tautou, Mathieu Kassovitz, Rufus, Lorella Cravotta','\nAmélie is an innocent and naive girl in Paris with her own sense of justice. She decides to help those around her and, along the way, discovers love.','https://m.media-amazon.com/images/M/MV5BNDg4NjM1YjMtYmNhZC00MjM0LWFiZmYtNGY1YjA3MzZmODc5XkEyXkFqcGdeQXVyNDk3NzU2MTQ@._V1_.jpg'),
(96,'Once Upon a Time in America','1984','229 min','Crime, Drama            ','Sergio Leone ','Robert De Niro, James Woods, Elizabeth McGovern, Treat Williams','\nA former Prohibition-era Jewish gangster returns to the Lower East Side of Manhattan 35 years later, where he must once again confront the ghosts and regrets of his old life.','https://m.media-amazon.com/images/M/MV5BMGFkNWI4MTMtNGQ0OC00MWVmLTk3MTktOGYxN2Y2YWVkZWE2XkEyXkFqcGdeQXVyNjU0OTQ0OTY@._V1_.jpg'),
(97,'3 Idiots','2009','170 min','Comedy, Drama            ','Rajkumar Hirani ','Aamir Khan, Madhavan, Mona Singh, Sharman Joshi','\nTwo friends are searching for their long lost companion. They revisit their college days and recall the memories of their friend who inspired them to think differently, even as the rest of the world called them \"idiots\".','https://m.media-amazon.com/images/M/MV5BNTkyOGVjMGEtNmQzZi00NzFlLTlhOWQtODYyMDc2ZGJmYzFhXkEyXkFqcGdeQXVyNjU0OTQ0OTY@._V1_.jpg'),
(98,'Princess Mononoke','1997','134 min','Animation, Adventure, Fantasy            ','Hayao Miyazaki ','Yôji Matsuda, Yuriko Ishida, Yûko Tanaka, Billy Crudup','\nOn a journey to find the cure for a Tatarigami\'s curse, Ashitaka finds himself in the middle of a war between the forest gods and Tatara, a mining colony. In this quest he also meets San, the Mononoke Hime.','https://m.media-amazon.com/images/M/MV5BNGIzY2IzODQtNThmMi00ZDE4LWI5YzAtNzNlZTM1ZjYyYjUyXkEyXkFqcGdeQXVyODEzNjM5OTQ@._V1_.jpg'),
(99,'Vertigo','1958','128 min','Mystery, Romance, Thriller            ','Alfred Hitchcock ','James Stewart, Kim Novak, Barbara Bel Geddes, Tom Helmore','\nA former San Francisco police detective juggles wrestling with his personal demons and becoming obsessed with the hauntingly beautiful woman he has been hired to trail, who may be deeply disturbed.','https://m.media-amazon.com/images/M/MV5BYTE4ODEwZDUtNDFjOC00NjAxLWEzYTQtYTI1NGVmZmFlNjdiL2ltYWdlL2ltYWdlXkEyXkFqcGdeQXVyNjc1NTYyMjg@._V1_.jpg'),
(100,'Citizen Kane','1941','119 min','Drama, Mystery            ','Orson Welles ','Orson Welles, Joseph Cotten, Dorothy Comingore, Agnes Moorehead','\nFollowing the death of publishing tycoon Charles Foster Kane, reporters scramble to uncover the meaning of his final utterance: \'Rosebud.\'','https://m.media-amazon.com/images/M/MV5BYjBiOTYxZWItMzdiZi00NjlkLWIzZTYtYmFhZjhiMTljOTdkXkEyXkFqcGdeQXVyNzkwMjQ5NzM@._V1_.jpg'),
(101,'The Boat','1981','149 min','Drama, War            ','Wolfgang Petersen ','Jürgen Prochnow, Herbert Grönemeyer, Klaus Wennemann, Hubertus Bengsch','\nThe claustrophobic world of a WWII German U-boat; boredom, filth and sheer terror.','https://m.media-amazon.com/images/M/MV5BNDBjMWUxNTUtNjZiNi00YzJhLTgzNzUtMTRiY2FkZmMzYTNjXkEyXkFqcGdeQXVyMTUzMDUzNTI3._V1_UX140_CR0,0,140,209_AL_.jpg@._V1_.jpg'),
(102,'M','1931','99 min','Crime, Mystery, Thriller            ','Fritz Lang ','Peter Lorre, Ellen Widmann, Inge Landgut, Otto Wernicke','\nWhen the police in a German city are unable to catch a child-murderer, other criminals join in the manhunt.','https://m.media-amazon.com/images/M/MV5BODA4ODk3OTEzMF5BMl5BanBnXkFtZTgwMTQ2ODMwMzE@._V1_.jpg'),
(103,'A Separation','2011','123 min','Drama            ','Asghar Farhadi ','Payman Maadi, Leila Hatami, Sareh Bayat, Shahab Hosseini','\nA married couple are faced with a difficult decision - to improve the life of their child by moving to another country or to stay in Iran and look after a deteriorating parent who has Alzheimer\'s disease.','https://m.media-amazon.com/images/M/MV5BN2JmMjViMjMtZTM5Mi00ZGZkLTk5YzctZDg5MjFjZDE4NjNkXkEyXkFqcGdeQXVyMTMxODk2OTU@._V1_.jpg'),
(104,'Children of Heaven','1997','89 min','Drama, Family, Sport            ','Majid Majidi ','Mohammad Amir Naji, Amir Farrokh Hashemian, Bahare Seddiqi, Nafise Jafar-Mohammadi','\nAfter a boy loses his sister\'s pair of shoes, he goes on a series of adventures in order to find them. When he can\'t, he tries a new way to \"win\" a new pair.','https://m.media-amazon.com/images/M/MV5BZTYwZWQ4ZTQtZWU0MS00N2YwLWEzMDItZWFkZWY0MWVjODVhXkEyXkFqcGdeQXVyNjU0OTQ0OTY@._V1_.jpg'),
(105,'Witness for the Prosecution','1957','116 min','Crime, Drama, Mystery            ','Billy Wilder ','Tyrone Power, Marlene Dietrich, Charles Laughton, Elsa Lanchester','\nA veteran British barrister must defend his client in a murder trial that has surprise after surprise.','https://m.media-amazon.com/images/M/MV5BNDQwODU5OWYtNDcyNi00MDQ1LThiOGMtZDkwNWJiM2Y3MDg0XkEyXkFqcGdeQXVyMDI2NDg0NQ@@._V1_.jpg'),
(106,'Drishyam','2015','163 min','Crime, Drama, Mystery            ','Nishikant Kamat ','Ajay Devgn, Shriya Saran, Tabu, Rajat Kapoor','\nDesperate measures are taken by a man who tries to save his family from the dark side of the law, after they commit an unexpected crime.','https://m.media-amazon.com/images/M/MV5BYmJhZmJlYTItZmZlNy00MGY0LTg0ZGMtNWFkYWU5NTA1YTNhXkEyXkFqcGdeQXVyODE5NzE3OTE@._V1_.jpg'),
(107,'The Bandit','1996','128 min','Crime, Drama, Thriller            ','Yavuz Turgul ','Sener Sen, Ugur Yücel, Sermin Hürmeriç, Yesim Salkim','\nBaran the Bandit, released from prison after 35 years, searches for vengeance and his lover.','https://m.media-amazon.com/images/M/MV5BOGQ4ZjFmYjktOGNkNS00OWYyLWIyZjgtMGJjM2U1ZTA0ZTlhXkEyXkFqcGdeQXVyNTA4NzY1MzY@._V1_.jpg'),
(108,'La La Land','2016','128 min','Comedy, Drama, Music            ','Damien Chazelle ','Ryan Gosling, Emma Stone, Rosemarie DeWitt, J.K. Simmons','\nWhile navigating their careers in Los Angeles, a pianist and an actress fall in love while attempting to reconcile their aspirations for the future.','https://m.media-amazon.com/images/M/MV5BMzUzNDM2NzM2MV5BMl5BanBnXkFtZTgwNTM3NTg4OTE@._V1_.jpg'),
(109,'Inglourious Basterds','2009','153 min','Adventure, Drama, War            ','Quentin Tarantino ','Brad Pitt, Diane Kruger, Eli Roth, Mélanie Laurent','\nIn Nazi-occupied France during World War II, a plan to assassinate Nazi leaders by a group of Jewish U.S. soldiers coincides with a theatre owner\'s vengeful plans for the same.','https://m.media-amazon.com/images/M/MV5BOTJiNDEzOWYtMTVjOC00ZjlmLWE0NGMtZmE1OWVmZDQ2OWJhXkEyXkFqcGdeQXVyNTIzOTk5ODM@._V1_.jpg'),
(110,'Good Will Hunting','1997','126 min','Drama, Romance            ','Gus Van Sant ','Robin Williams, Matt Damon, Ben Affleck, Stellan Skarsgård','\nWill Hunting, a janitor at M.I.T., has a gift for mathematics, but needs help from a psychologist to find direction in his life.','https://m.media-amazon.com/images/M/MV5BOTI0MzcxMTYtZDVkMy00NjY1LTgyMTYtZmUxN2M3NmQ2NWJhXkEyXkFqcGdeQXVyMTQxNzMzNDI@._V1_.jpg'),
(111,'Snatch','2000','102 min','Comedy, Crime            ','Guy Ritchie ','Jason Statham, Brad Pitt, Stephen Graham, Vinnie Jones','\nUnscrupulous boxing promoters, violent bookmakers, a Russian gangster, incompetent amateur robbers and supposedly Jewish jewelers fight to track down a priceless stolen diamond.','https://m.media-amazon.com/images/M/MV5BMTA2NDYxOGYtYjU1Mi00Y2QzLTgxMTQtMWI1MGI0ZGQ5MmU4XkEyXkFqcGdeQXVyNDk3NzU2MTQ@._V1_.jpg'),
(112,'Batman Begins','2005','140 min','Action, Crime, Drama            ','Christopher Nolan ','Christian Bale, Michael Caine, Ken Watanabe, Liam Neeson','\nAfter training with his mentor, Batman begins his fight to free crime-ridden Gotham City from corruption.','https://m.media-amazon.com/images/M/MV5BOTY4YjI2N2MtYmFlMC00ZjcyLTg3YjEtMDQyM2ZjYzQ5YWFkXkEyXkFqcGdeQXVyMTQxNzMzNDI@._V1_.jpg'),
(113,'Taxi Driver','1976','114 min','Crime, Drama            ','Martin Scorsese ','Robert De Niro, Jodie Foster, Cybill Shepherd, Albert Brooks','\nA mentally unstable veteran works as a nighttime taxi driver in New York City, where the perceived decadence and sleaze fuels his urge for violent action.','https://m.media-amazon.com/images/M/MV5BM2M1MmVhNDgtNmI0YS00ZDNmLTkyNjctNTJiYTQ2N2NmYzc2XkEyXkFqcGdeQXVyNzkwMjQ5NzM@._V1_.jpg'),
(114,'Eternal Sunshine of the Spotless Mind','2004','108 min','Drama, Romance, Sci-Fi            ','Michel Gondry ','Jim Carrey, Kate Winslet, Tom Wilkinson, Gerry Robert Byrne','\nWhen their relationship turns sour, a couple undergoes a medical procedure to have each other erased from their memories.','https://m.media-amazon.com/images/M/MV5BMTY4NzcwODg3Nl5BMl5BanBnXkFtZTcwNTEwOTMyMw@@._V1_.jpg'),
(115,'A Clockwork Orange','1971','136 min','Crime, Sci-Fi            ','Stanley Kubrick ','Malcolm McDowell, Patrick Magee, Michael Bates, Warren Clarke','\nIn the future, a sadistic gang leader is imprisoned and volunteers for a conduct-aversion experiment, but it doesn\'t go as planned.','https://m.media-amazon.com/images/M/MV5BMTY3MjM1Mzc4N15BMl5BanBnXkFtZTgwODM0NzAxMDE@._V1_.jpg'),
(116,'Reservoir Dogs','1992','99 min','Crime, Drama, Thriller            ','Quentin Tarantino ','Harvey Keitel, Tim Roth, Michael Madsen, Chris Penn','\nWhen a simple jewelry heist goes horribly wrong, the surviving criminals begin to suspect that one of them is a police informant.','https://m.media-amazon.com/images/M/MV5BZmExNmEwYWItYmQzOS00YjA5LTk2MjktZjEyZDE1Y2QxNjA1XkEyXkFqcGdeQXVyMTQxNzMzNDI@._V1_.jpg'),
(117,'Full Metal Jacket','1987','116 min','Drama, War            ','Stanley Kubrick ','Matthew Modine, R. Lee Ermey, Vincent D\'Onofrio, Adam Baldwin','\nA pragmatic U.S. Marine observes the dehumanizing effects the Vietnam War has on his fellow recruits from their brutal boot camp training to the bloody street fighting in Hue.','https://m.media-amazon.com/images/M/MV5BNzkxODk0NjEtYjc4Mi00ZDI0LTgyYjEtYzc1NDkxY2YzYTgyXkEyXkFqcGdeQXVyNzkwMjQ5NzM@._V1_.jpg'),
(118,'2001: A Space Odyssey','1968','149 min','Adventure, Sci-Fi            ','Stanley Kubrick ','Keir Dullea, Gary Lockwood, William Sylvester, Daniel Richter','\nAfter uncovering a mysterious artifact buried beneath the Lunar surface, a spacecraft is sent to Jupiter to find its origins - a spacecraft manned by two men and the supercomputer H.A.L. 9000.','https://m.media-amazon.com/images/M/MV5BMmNlYzRiNDctZWNhMi00MzI4LThkZTctMTUzMmZkMmFmNThmXkEyXkFqcGdeQXVyNzkwMjQ5NzM@._V1_.jpg'),
(119,'Downfall','2004','156 min','Biography, Drama, History            ','Oliver Hirschbiegel ','Bruno Ganz, Alexandra Maria Lara, Ulrich Matthes, Juliane Köhler','\nTraudl Junge, the final secretary for Adolf Hitler, tells of the Nazi dictator\'s final days in his Berlin bunker at the end of WWII.','https://m.media-amazon.com/images/M/MV5BMTU0NTU5NTAyMl5BMl5BanBnXkFtZTYwNzYwMDg2._V1_UY209_CR1,0,140,209_AL_.jpg@._V1_.jpg'),
(120,'The Hunt','2012','115 min','Drama            ','Thomas Vinterberg ','Mads Mikkelsen, Thomas Bo Larsen, Annika Wedderkopp, Lasse Fogelstrøm','\nA teacher lives a lonely life, all the while struggling over his son\'s custody. His life slowly gets better as he finds love and receives good news from his son, but his new luck is about to be brutally shattered by an innocent little lie.','https://m.media-amazon.com/images/M/MV5BMTg2NDg3ODg4NF5BMl5BanBnXkFtZTcwNzk3NTc3Nw@@._V1_.jpg'),
(121,'L.A. Confidential','1997','138 min','Crime, Drama, Mystery            ','Curtis Hanson ','Kevin Spacey, Russell Crowe, Guy Pearce, Kim Basinger','\nAs corruption grows in 1950s Los Angeles, three policemen - one strait-laced, one brutal, and one sleazy - investigate a series of murders with their own brand of justice.','https://m.media-amazon.com/images/M/MV5BMDQ2YzEyZGItYWRhOS00MjBmLTkzMDUtMTdjYzkyMmQxZTJlXkEyXkFqcGdeQXVyNjU0OTQ0OTY@._V1_.jpg'),
(122,'American Psycho','2000','102 min','Crime, Drama, Horror            ','Mary Harron ','Christian Bale, Justin Theroux, Josh Lucas, Bill Sage','\nA wealthy New York City investment banking executive, Patrick Bateman, hides his alternate psychopathic ego from his co-workers and friends as he delves deeper into his violent, hedonistic fantasies.','https://m.media-amazon.com/images/M/MV5BZTM2ZGJmNjQtN2UyOS00NjcxLWFjMDktMDE2NzMyNTZlZTBiXkEyXkFqcGdeQXVyNzkwMjQ5NzM@._V1_.jpg'),
(123,'Beauty and the Beast','1991','84 min','Animation, Family, Fantasy            ','Gary Trousdale, Kirk Wise ','Paige O\'Hara, Robby Benson, Jesse Corti, Rex Everhart','\nA prince cursed to spend his days as a hideous monster sets out to regain his humanity by earning a young woman\'s love.','https://m.media-amazon.com/images/M/MV5BMzE5MDM1NDktY2I0OC00YWI5LTk2NzUtYjczNDczOWQxYjM0XkEyXkFqcGdeQXVyMTQxNzMzNDI@._V1_.jpg'),
(124,'The Departed','2006','151 min','Crime, Drama, Thriller            ','Martin Scorsese ','Leonardo DiCaprio, Matt Damon, Jack Nicholson, Mark Wahlberg','\nAn undercover cop and a mole in the police attempt to identify each other while infiltrating an Irish gang in South Boston.','https://m.media-amazon.com/images/M/MV5BMTI1MTY2OTIxNV5BMl5BanBnXkFtZTYwNjQ4NjY3._V1_UY209_CR0,0,140,209_AL_.jpg@._V1_.jpg'),
(125,'Fargo','1996','98 min','Crime, Thriller            ','Joel Coen, Ethan Coen ','William H. Macy, Frances McDormand, Steve Buscemi, Peter Stormare','\nMinnesota car salesman Jerry Lundegaard\'s inept crime falls apart due to his and his henchmen\'s bungling and the persistent police work of the quite pregnant Marge Gunderson.','https://m.media-amazon.com/images/M/MV5BNDJiZDgyZjctYmRjMS00ZjdkLTkwMTEtNGU1NDg3NDQ0Yzk1XkEyXkFqcGdeQXVyNzkwMjQ5NzM@._V1_.jpg'),
(126,'The Jungle Book','2016','106 min','Adventure, Drama, Family            ','Jon Favreau ','Neel Sethi, Bill Murray, Ben Kingsley, Idris Elba','\nAfter a threat from the tiger Shere Khan forces him to flee the jungle, a man-cub named Mowgli embarks on a journey of self discovery with the help of panther Bagheera and free-spirited bear Baloo.','https://m.media-amazon.com/images/M/MV5BMTc3NTUzNTI4MV5BMl5BanBnXkFtZTgwNjU0NjU5NzE@._V1_.jpg'),
(127,'The Lion King','1994','88 min','Animation, Adventure, Drama            ','Roger Allers, Rob Minkoff ','Matthew Broderick, Jeremy Irons, James Earl Jones, Whoopi Goldberg','\nLion prince Simba and his father are targeted by his bitter uncle, who wants to ascend the throne himself.','https://m.media-amazon.com/images/M/MV5BYTYxNGMyZTYtMjE3MS00MzNjLWFjNmYtMDk3N2FmM2JiM2M1XkEyXkFqcGdeQXVyNjY5NDU4NzI@._V1_.jpg'),
(128,'Mary Poppins','1964','139 min','Comedy, Family, Fantasy            ','Robert Stevenson ','Julie Andrews, Dick Van Dyke, David Tomlinson, Glynis Johns','\nIn turn of the century London, a magical nanny employs music and adventure to help two neglected children become closer to their father.','https://m.media-amazon.com/images/M/MV5BNmJkODczNjItNDI5Yy00MGI1LTkyOWItZDNmNjM4ZGI1ZDVlL2ltYWdlL2ltYWdlXkEyXkFqcGdeQXVyMDI2NDg0NQ@@._V1_.jpg'),
(129,'Planet of the Apes','1968','112 min','Adventure, Sci-Fi            ','Franklin J. Schaffner ','Charlton Heston, Roddy McDowall, Kim Hunter, Maurice Evans','\nAn astronaut crew crash-lands on a planet in the distant future where intelligent talking apes are the dominant species, and humans are the oppressed and enslaved.','https://m.media-amazon.com/images/M/MV5BMTg0NjUwMzg5NF5BMl5BanBnXkFtZTgwNDQ0NjcwMTE@._V1_.jpg'),
(130,'Scarface','1983','170 min','Crime, Drama            ','Brian De Palma ','Al Pacino, Michelle Pfeiffer, Steven Bauer, Mary Elizabeth Mastrantonio','\nIn 1980 Miami, a determined Cuban immigrant takes over a drug cartel and succumbs to greed.','https://m.media-amazon.com/images/M/MV5BNjdjNGQ4NDEtNTEwYS00MTgxLTliYzQtYzE2ZDRiZjFhZmNlXkEyXkFqcGdeQXVyNjU0OTQ0OTY@._V1_.jpg'),
(131,'The Wolf of Wall Street','2013','180 min','Biography, Comedy, Crime            ','Martin Scorsese ','Leonardo DiCaprio, Jonah Hill, Margot Robbie, Matthew McConaughey','\nBased on the true story of Jordan Belfort, from his rise to a wealthy stock-broker living the high life to his fall involving crime, corruption and the federal government.','https://m.media-amazon.com/images/M/MV5BMjIxMjgxNTk0MF5BMl5BanBnXkFtZTgwNjIyOTg2MDE@._V1_.jpg'),
(132,'Toy Story','1995','81 min','Animation, Adventure, Comedy            ','John Lasseter ','Tom Hanks, Tim Allen, Don Rickles, Jim Varney','\nA cowboy doll is profoundly threatened and jealous when a new spaceman action figure supplants him as top toy in a boy\'s bedroom.','https://m.media-amazon.com/images/M/MV5BMDU2ZWJlMjktMTRhMy00ZTA5LWEzNDgtYmNmZTEwZTViZWJkXkEyXkFqcGdeQXVyNDQ2OTk4MzI@._V1_.jpg'),
(133,'Amadeus','1984','160 min','Biography, Drama, Music            ','Milos Forman ','F. Murray Abraham, Tom Hulce, Elizabeth Berridge, Roy Dotrice','\nThe life, success and troubles of Wolfgang Amadeus Mozart, as told by Antonio Salieri, the contemporaneous composer who was insanely jealous of Mozart\'s talent and claimed to have murdered him.','https://m.media-amazon.com/images/M/MV5BNWJlNzUzNGMtYTAwMS00ZjI2LWFmNWQtODcxNWUxODA5YmU1XkEyXkFqcGdeQXVyNTIzOTk5ODM@._V1_.jpg'),
(134,'To Kill a Mockingbird','1962','129 min','Crime, Drama            ','Robert Mulligan ','Gregory Peck, John Megna, Frank Overton, Rosemary Murphy','\nAtticus Finch, a widowed lawyer in Depression-era Alabama, defends a black man against an undeserved rape charge, and his children against prejudice.','https://m.media-amazon.com/images/M/MV5BNmVmYzcwNzMtMWM1NS00MWIyLThlMDEtYzUwZDgzODE1NmE2XkEyXkFqcGdeQXVyNzkwMjQ5NzM@._V1_.jpg'),
(135,'Monty Python and the Holy Grail','1975','91 min','Adventure, Comedy, Fantasy            ','Terry Gilliam, Terry Jones ','Graham Chapman, John Cleese, Eric Idle, Terry Gilliam','\nKing Arthur and his Knights of the Round Table embark on a surreal, low-budget search for the Holy Grail, encountering many, very silly obstacles.','https://m.media-amazon.com/images/M/MV5BN2IyNTE4YzUtZWU0Mi00MGIwLTgyMmQtMzQ4YzQxYWNlYWE2XkEyXkFqcGdeQXVyNjU0OTQ0OTY@._V1_.jpg'),
(136,'Lawrence of Arabia','1962','218 min','Adventure, Biography, Drama            ','David Lean ','Peter O\'Toole, Alec Guinness, Anthony Quinn, Jack Hawkins','\nThe story of T.E. Lawrence, the English officer who successfully united and led the diverse, often warring, Arab tribes during World War I in order to fight the Turks.','https://m.media-amazon.com/images/M/MV5BYWY5ZjhjNGYtZmI2Ny00ODM0LWFkNzgtZmI1YzA2N2MxMzA0XkEyXkFqcGdeQXVyNjUwNzk3NDc@._V1_.jpg'),
(137,'Toy Story 3','2010','103 min','Animation, Adventure, Comedy            ','Lee Unkrich ','Tom Hanks, Tim Allen, Joan Cusack, Ned Beatty','\nThe toys are mistakenly delivered to a day-care center instead of the attic right before Andy leaves for college, and it\'s up to Woody to convince the other toys that they weren\'t abandoned and to return home.','https://m.media-amazon.com/images/M/MV5BMTgxOTY4Mjc0MF5BMl5BanBnXkFtZTcwNTA4MDQyMw@@._V1_.jpg'),
(138,'Some Like It Hot','1959','121 min','Comedy, Music, Romance            ','Billy Wilder ','Marilyn Monroe, Tony Curtis, Jack Lemmon, George Raft','\nAfter two male musicians witness a mob hit, they flee the state in an all-female band disguised as women, but further complications set in.','https://m.media-amazon.com/images/M/MV5BNzAyOGIxYjAtMGY2NC00ZTgyLWIwMWEtYzY0OWQ4NDFjOTc5XkEyXkFqcGdeQXVyNjU0OTQ0OTY@._V1_.jpg'),
(139,'Singin\' in the Rain','1952','103 min','Comedy, Musical, Romance            ','Stanley Donen, Gene Kelly ','Gene Kelly, Donald O\'Connor, Debbie Reynolds, Jean Hagen','\nA silent film star falls for a chorus girl just as he and his delusionally jealous screen partner are trying to make the difficult transition to talking pictures in 1920s Hollywood.','https://m.media-amazon.com/images/M/MV5BZDRjNGViMjQtOThlMi00MTA3LThkYzQtNzJkYjBkMGE0YzE1XkEyXkFqcGdeQXVyNDYyMDk5MTU@._V1_.jpg'),
(140,'Come and See','1985','142 min','Drama, Thriller, War            ','Elem Klimov ','Aleksey Kravchenko, Olga Mironova, Liubomiras Laucevicius, Vladas Bagdonas','\nAfter finding an old rifle, a young boy joins the Soviet resistance movement against ruthless German forces and experiences the horrors of World War II.','https://m.media-amazon.com/images/M/MV5BODM4Njg0NTAtYjI5Ny00ZjAxLTkwNmItZTMxMWU5M2U3M2RjXkEyXkFqcGdeQXVyNzkwMjQ5NzM@._V1_.jpg'),
(141,'Metropolis','1927','153 min','Drama, Sci-Fi            ','Fritz Lang ','Brigitte Helm, Alfred Abel, Gustav Fröhlich, Rudolf Klein-Rogge','\nIn a futuristic city sharply divided between the working class and the city planners, the son of the city\'s mastermind falls in love with a working-class prophet who predicts the coming of a savior to mediate their differences.','https://m.media-amazon.com/images/M/MV5BMTg5YWIyMWUtZDY5My00Zjc1LTljOTctYmI0MWRmY2M2NmRkXkEyXkFqcGdeQXVyMTMxODk2OTU@._V1_.jpg'),
(142,'The Sting','1973','129 min','Comedy, Crime, Drama            ','George Roy Hill ','Paul Newman, Robert Redford, Robert Shaw, Charles Durning','\nTwo grifters team up to pull off the ultimate con.','https://m.media-amazon.com/images/M/MV5BNGU3NjQ4YTMtZGJjOS00YTQ3LThmNmItMTI5MDE2ODI3NzY3XkEyXkFqcGdeQXVyMjUzOTY1NTc@._V1_.jpg'),
(143,'The Third Man','1949','93 min','Film-Noir, Mystery, Thriller            ','Carol Reed ','Orson Welles, Joseph Cotten, Alida Valli, Trevor Howard','\nPulp novelist Holly Martins travels to shadowy, postwar Vienna, only to find himself investigating the mysterious death of an old friend, Harry Lime.','https://m.media-amazon.com/images/M/MV5BYjE2OTdhMWUtOGJlMy00ZDViLWIzZjgtYjZkZGZmMDZjYmEyXkEyXkFqcGdeQXVyNzkwMjQ5NzM@._V1_.jpg'),
(144,'For a Few Dollars More','1965','132 min','Western            ','Sergio Leone ','Clint Eastwood, Lee Van Cleef, Gian Maria Volontè, Mara Krupp','\nTwo bounty hunters with the same intentions team up to track down an escaped Mexican outlaw.','https://m.media-amazon.com/images/M/MV5BMzJlZTNkYjQtMTE1OS00YTJlLTgxNjItYzg4NTllODdkMzBiXkEyXkFqcGdeQXVyMjUzOTY1NTc@._V1_.jpg'),
(145,'The Apartment','1960','125 min','Comedy, Drama, Romance            ','Billy Wilder ','Jack Lemmon, Shirley MacLaine, Fred MacMurray, Ray Walston','\nA Manhattan insurance clerk tries to rise in his company by letting its executives use his apartment for trysts, but complications and a romance of his own ensue.','https://m.media-amazon.com/images/M/MV5BNzkwODFjNzItMmMwNi00MTU5LWE2MzktM2M4ZDczZGM1MmViXkEyXkFqcGdeQXVyNDY2MTk1ODk@._V1_.jpg'),
(146,'Judgment at Nuremberg','1961','179 min','Drama, War            ','Stanley Kramer ','Spencer Tracy, Burt Lancaster, Richard Widmark, Marlene Dietrich','\nIn 1948, an American court in occupied Germany tries four Nazis judged for war crimes.','https://m.media-amazon.com/images/M/MV5BNDc2ODQ5NTE2MV5BMl5BanBnXkFtZTcwODExMjUyNA@@._V1_.jpg'),
(147,'All About Eve','1950','138 min','Drama            ','Joseph L. Mankiewicz ','Bette Davis, Anne Baxter, George Sanders, Celeste Holm','\nA seemingly timid but secretly ruthless ingénue insinuates herself into the lives of an aging Broadway star and her circle of theater friends.','https://m.media-amazon.com/images/M/MV5BMTY2MTAzODI5NV5BMl5BanBnXkFtZTgwMjM4NzQ0MjE@._V1_.jpg'),
(148,'Color It Yellow','2006','167 min','Comedy, Crime, Drama            ','Rakeysh Omprakash Mehra ','Aamir Khan, Soha Ali Khan, Siddharth, Sharman Joshi','\nThe story of six young Indians who assist an English woman to film a documentary on the freedom fighters from their past, and the events that lead them to relive the long-forgotten saga of freedom.','https://m.media-amazon.com/images/M/MV5BYThmZDA0YmQtMWJhNy00MDQwLTk0Y2YtMDhmZTE5ZjhlNjliXkEyXkFqcGdeQXVyODE5NzE3OTE@._V1_.jpg'),
(149,'Double Indemnity','1944','107 min','Crime, Drama, Film-Noir            ','Billy Wilder ','Fred MacMurray, Barbara Stanwyck, Edward G. Robinson, Byron Barr','\nA Los Angeles insurance representative lets an alluring housewife seduce him into a scheme of insurance fraud and murder that arouses the suspicion of his colleague, an insurance investigator.','https://m.media-amazon.com/images/M/MV5BOTdlNjgyZGUtOTczYi00MDdhLTljZmMtYTEwZmRiOWFkYjRhXkEyXkFqcGdeQXVyNDY2MTk1ODk@._V1_.jpg'),
(150,'Rashomon','1950','88 min','Crime, Drama, Mystery            ','Akira Kurosawa ','Toshirô Mifune, Machiko Kyô, Masayuki Mori, Takashi Shimura','\nThe rape of a bride and the murder of her samurai husband are recalled from the perspectives of a bandit, the bride, the samurai\'s ghost and a woodcutter.','https://m.media-amazon.com/images/M/MV5BMjEzMzA4NDE2OF5BMl5BanBnXkFtZTcwNTc5MDI2NQ@@._V1_.jpg'),
(151,'Bicycle Thieves','1948','89 min','Drama            ','Vittorio De Sica ','Lamberto Maggiorani, Enzo Staiola, Lianella Carell, Elena Altieri','\nIn post-war Italy, a working-class man\'s bicycle is stolen, endangering his efforts to find work. He and his son set out to find it.','https://m.media-amazon.com/images/M/MV5BNmI1ODdjODctMDlmMC00ZWViLWI5MzYtYzRhNDdjYmM3MzFjXkEyXkFqcGdeQXVyMTMxODk2OTU@._V1_.jpg'),
(152,'Andrei Rublev','1966','205 min','Biography, Drama, History            ','Andrei Tarkovsky ','Anatoliy Solonitsyn, Ivan Lapikov, Nikolay Grinko, Nikolay Sergeev','\nThe life, times and afflictions of the fifteenth-century Russian iconographer St. Andrei Rublev.','https://m.media-amazon.com/images/M/MV5BNjM2MjMwNzUzN15BMl5BanBnXkFtZTgwMjEzMzE5MTE@._V1_.jpg'),
(153,'Yojimbo','1961','110 min','Action, Drama, Thriller            ','Akira Kurosawa ','Toshirô Mifune, Eijirô Tôno, Tatsuya Nakadai, Yôko Tsukasa','\nA crafty ronin comes to a town divided by two criminal gangs and decides to play them against each other to free the town.','https://m.media-amazon.com/images/M/MV5BZThiZjAzZjgtNDU3MC00YThhLThjYWUtZGRkYjc2ZWZlOTVjXkEyXkFqcGdeQXVyNTA4NzY1MzY@._V1_.jpg'),
(154,'Gangs of Wasseypur','2012','321 min','Action, Comedy, Crime            ','Anurag Kashyap ','Manoj Bajpayee, Richa Chadha, Nawazuddin Siddiqui, Tigmanshu Dhulia','\nA clash between Sultan and Shahid Khan leads to the expulsion of Khan from Wasseypur, and ignites a deadly blood feud spanning three generations.','https://m.media-amazon.com/images/M/MV5BMTc5NjY4MjUwNF5BMl5BanBnXkFtZTgwODM3NzM5MzE@._V1_.jpg'),
(155,'The Treasure of the Sierra Madre','1948','126 min','Adventure, Drama, Western            ','John Huston ','Humphrey Bogart, Walter Huston, Tim Holt, Bruce Bennett','\nTwo down-on-their-luck Americans searching for work in 1920s Mexico convince an old prospector to help them mine for gold in the Sierra Madre Mountains.','https://m.media-amazon.com/images/M/MV5BOTJlZWMxYzEtMjlkMS00ODE0LThlM2ItMDI3NGQ2YjhmMzkxXkEyXkFqcGdeQXVyMDI2NDg0NQ@@._V1_.jpg'),
(156,'The Kid','1921','68 min','Comedy, Drama, Family            ','Charles Chaplin ','Charles Chaplin, Edna Purviance, Jackie Coogan, Carl Miller','\nThe Tramp cares for an abandoned child, but events put their relationship in jeopardy.','https://m.media-amazon.com/images/M/MV5BZjhhMThhNDItNTY2MC00MmU1LTliNDEtNDdhZjdlNTY5ZDQ1XkEyXkFqcGdeQXVyNjc1NTYyMjg@._V1_.jpg'),
(157,'Ikiru','1952','143 min','Drama            ','Akira Kurosawa ','Takashi Shimura, Nobuo Kaneko, Shin\'ichi Himori, Haruo Tanaka','\nA bureaucrat tries to find meaning in his life after he discovers he has terminal cancer.','https://m.media-amazon.com/images/M/MV5BZTdkN2E5OTYtN2FiMi00YWUwLWEzMGMtZTMzNjY0NjgzYzFiXkEyXkFqcGdeQXVyMTI3ODAyMzE2._V1_UY209_CR4,0,140,209_AL_.jpg@._V1_.jpg'),
(158,'A Wednesday','2008','104 min','Action, Crime, Drama            ','Neeraj Pandey ','Anupam Kher, Naseeruddin Shah, Virendra Saxena, Mahesh Kanual','\nA retiring police officer reminisces about the most astounding day of his career. About a case that was never filed but continues to haunt him in his memories - the case of a man and a Wednesday.','https://m.media-amazon.com/images/M/MV5BOTcwMzdiMWItMjZlOS00MzAzLTg5OTItNTA4OGYyMjBhMmRiXkEyXkFqcGdeQXVyODE5NzE3OTE@._V1_.jpg'),
(159,'Sunrise','1927','94 min','Drama, Romance            ','F.W. Murnau ','George O\'Brien, Janet Gaynor, Margaret Livingston, Bodil Rosing','\nA sophisticated urban woman seduces a farmer in the hopes that he will murder his neglected wife and join her in the city, but he soon finds himself rekindling his romance with the latter when she discovers their scheme.','https://m.media-amazon.com/images/M/MV5BNDVkYmYwM2ItNzRiMy00NWQ4LTlhMjMtNDI1ZDYyOGVmMzJjXkEyXkFqcGdeQXVyNTgzMzU5MDI@._V1_.jpg'),
(160,'The Passion of Joan of Arc','1928','114 min','Biography, Drama, History            ','Carl Theodor Dreyer ','Maria Falconetti, Eugene Silvain, André Berley, Maurice Schutz','\nIn 1431, Jeanne d\'Arc is placed on trial on charges of heresy. The ecclesiastical jurists attempt to force Jeanne to recant her claims of holy visions.','https://m.media-amazon.com/images/M/MV5BNjBjNDJiYTUtOWY0OS00OGVmLTg2YzctMTE0NzVhODM1ZWJmXkEyXkFqcGdeQXVyNjU0OTQ0OTY@._V1_.jpg'),
(161,'Sholay','1975','162 min','Action, Adventure, Comedy            ','Ramesh Sippy ','Sanjeev Kumar, Dharmendra, Amitabh Bachchan, Amjad Khan','\nAfter his family is murdered by a notorious and ruthless bandit, a former police officer enlists the services of two outlaws to capture the bandit.','https://m.media-amazon.com/images/M/MV5BOWQ0YTUzYzItYjI0MC00OTZmLWE1MWQtY2EzMzU2MTlmMmJjXkEyXkFqcGdeQXVyMDkwNTkwNg@@._V1_.jpg'),
(162,'Munna Bhai M.B.B.S.','2003','156 min','Comedy, Drama            ','Rajkumar Hirani ','Sanjay Dutt, Arshad Warsi, Gracy Singh, Boman Irani','\nA gangster sets out to fulfill his father\'s dream of becoming a doctor.','https://m.media-amazon.com/images/M/MV5BMzQ4MTBlYTQtMzJkYS00OGNjLTk1MWYtNzQ0OTQ0OWEyOWU1XkEyXkFqcGdeQXVyNDgyODgxNjE@._V1_.jpg'),
(163,'Andaz Apna Apna','1994','160 min','Action, Comedy, Romance            ','Rajkumar Santoshi ','Aamir Khan, Salman Khan, Raveena Tandon, Karisma Kapoor','\nTwo slackers competing for the affections of an heiress inadvertently become her protectors from an evil criminal.','https://m.media-amazon.com/images/M/MV5BZjA4NmE0NjgtZDg0ZS00Y2U0LWFjNjQtNzhhZWMxODk4Y2MwXkEyXkFqcGdeQXVyNDAzNDk0MTQ@._V1_.jpg'),
(164,'Hera Pheri','2000','156 min','Action, Comedy, Crime            ','Priyadarshan ','Akshay Kumar, Suniel Shetty, Paresh Rawal, Tabu','\nThree unemployed men look for answers to all their money problems - but when their opportunity arrives, will they know what to do with it?','https://m.media-amazon.com/images/M/MV5BNDExMTBlZTYtZWMzYi00NmEwLWEzZGYtOTA1MDhmNTc0ODZkXkEyXkFqcGdeQXVyODE5NzE3OTE@._V1_.jpg'),
(165,'Hacksaw Ridge','2016','139 min','Biography, Drama, History            ','Mel Gibson ','Andrew Garfield, Sam Worthington, Luke Bracey, Teresa Palmer','\nWorld War II American Army Medic Desmond T. Doss, who served during the Battle of Okinawa, refuses to kill people and becomes the first man in American history to receive the Medal of Honor without firing a shot.','https://m.media-amazon.com/images/M/MV5BMjQ1NjM3MTUxNV5BMl5BanBnXkFtZTgwMDc5MTY5OTE@._V1_.jpg'),
(166,'Trainspotting','1996','93 min','Drama            ','Danny Boyle ','Ewan McGregor, Ewen Bremner, Jonny Lee Miller, Kevin McKidd','\nRenton, deeply immersed in the Edinburgh drug scene, tries to clean up and get out, despite the allure of the drugs and influence of friends.','https://m.media-amazon.com/images/M/MV5BMzA5Zjc3ZTMtMmU5YS00YTMwLWI4MWUtYTU0YTVmNjVmODZhXkEyXkFqcGdeQXVyNjU0OTQ0OTY@._V1_.jpg'),
(167,'Blade Runner','1982','117 min','Action, Drama, Sci-Fi            ','Ridley Scott ','Harrison Ford, Rutger Hauer, Sean Young, Edward James Olmos','\nA blade runner must pursue and terminate four replicants who stole a ship in space, and have returned to Earth to find their creator.','https://m.media-amazon.com/images/M/MV5BNzQzMzJhZTEtOWM4NS00MTdhLTg0YjgtMjM4MDRkZjUwZDBlXkEyXkFqcGdeQXVyNjU0OTQ0OTY@._V1_.jpg'),
(168,'Room','0','118 min','Drama, Thriller            ','Lenny Abrahamson ','Brie Larson, Jacob Tremblay, Sean Bridgers, Wendy Crewson','\nHeld captive for 7 years in an enclosed space, a woman and her young son finally gain their freedom, allowing the boy to experience the outside world for the first time.','https://m.media-amazon.com/images/M/MV5BMjE4NzgzNzEwMl5BMl5BanBnXkFtZTgwMTMzMDE0NjE@._V1_.jpg'),
(169,'Gone with the Wind','1939','238 min','Drama, Romance, War            ','Victor Fleming, George Cukor, Sam Wood ','Clark Gable, Vivien Leigh, Thomas Mitchell, Barbara O\'Neil','\nThe manipulative daughter of a Georgia plantation owner conducts a turbulent romance with a roguish profiteer during the American Civil War and Reconstruction periods.','https://m.media-amazon.com/images/M/MV5BYjUyZWZkM2UtMzYxYy00ZmQ3LWFmZTQtOGE2YjBkNjA3YWZlXkEyXkFqcGdeQXVyNzkwMjQ5NzM@._V1_.jpg'),
(170,'Heat','1995','170 min','Action, Crime, Drama            ','Michael Mann ','Al Pacino, Robert De Niro, Val Kilmer, Jon Voight','\nA group of high-end professional thieves start to feel the heat from the LAPD when they unknowingly leave a clue at their latest heist.','https://m.media-amazon.com/images/M/MV5BYjZjNTJlZGUtZTE1Ny00ZDc4LTgwYjUtMzk0NDgwYzZjYTk1XkEyXkFqcGdeQXVyNjU0OTQ0OTY@._V1_.jpg'),
(171,'The Big Lebowski','1998','117 min','Comedy, Crime            ','Joel Coen, Ethan Coen ','Jeff Bridges, John Goodman, Julianne Moore, Steve Buscemi','\nUltimate L.A. slacker Jeff \"The Dude\" Lebowski, mistaken for a millionaire of the same name, seeks restitution for a rug ruined by debt collectors, enlisting his bowling buddies for help while trying to find the millionaire\'s missing wife.','https://m.media-amazon.com/images/M/MV5BMTQ0NjUzMDMyOF5BMl5BanBnXkFtZTgwODA1OTU0MDE@._V1_.jpg'),
(172,'Warrior','2011','140 min','Action, Drama, Sport            ','Gavin O\'Connor ','Tom Hardy, Nick Nolte, Joel Edgerton, Jennifer Morrison','\nThe youngest son of an alcoholic former boxer returns home, where he\'s trained by his father for competition in a mixed martial arts tournament - a path that puts the fighter on a collision course with his estranged, older brother.','https://m.media-amazon.com/images/M/MV5BMTk4ODk5MTMyNV5BMl5BanBnXkFtZTcwMDMyNTg0Ng@@._V1_.jpg'),
(173,'Unforgiven','1992','130 min','Drama, Western            ','Clint Eastwood ','Clint Eastwood, Gene Hackman, Morgan Freeman, Richard Harris','\nRetired Old West gunslinger William Munny reluctantly takes on one last job, with the help of his old partner Ned Logan and a young man, The \"Schofield Kid.\"','https://m.media-amazon.com/images/M/MV5BODM3YWY4NmQtN2Y3Ni00OTg0LWFhZGQtZWE3ZWY4MTJlOWU4XkEyXkFqcGdeQXVyNjU0OTQ0OTY@._V1_.jpg'),
(174,'Pan\'s Labyrinth','2006','118 min','Drama, Fantasy, War            ','Guillermo del Toro ','Ivana Baquero, Ariadna Gil, Sergi López, Maribel Verdú','\nIn the Falangist Spain of 1944, the bookish young stepdaughter of a sadistic army officer escapes into an eerie but captivating fantasy world.','https://m.media-amazon.com/images/M/MV5BYzFjMThiMGItOWRlMC00MDI4LThmOGUtYTNlZGZiYWI1YjMyXkEyXkFqcGdeQXVyMjUzOTY1NTc@._V1_.jpg'),
(175,'Inside Out','0','95 min','Animation, Adventure, Comedy            ','Pete Docter, Ronnie Del Carmen ','Amy Poehler, Bill Hader, Lewis Black, Mindy Kaling','\nAfter young Riley is uprooted from her Midwest life and moved to San Francisco, her emotions - Joy, Fear, Anger, Disgust and Sadness - conflict on how best to navigate a new city, house, and school.','https://m.media-amazon.com/images/M/MV5BOTgxMDQwMDk0OF5BMl5BanBnXkFtZTgwNjU5OTg2NDE@._V1_.jpg'),
(176,'A Beautiful Mind','2001','135 min','Biography, Drama            ','Ron Howard ','Russell Crowe, Ed Harris, Jennifer Connelly, Christopher Plummer','\nAfter John Nash, a brilliant but asocial mathematician, accepts secret work in cryptography, his life takes a turn for the nightmarish.','https://m.media-amazon.com/images/M/MV5BMzcwYWFkYzktZjAzNC00OGY1LWI4YTgtNzc5MzVjMDVmNjY0XkEyXkFqcGdeQXVyMTQxNzMzNDI@._V1_.jpg'),
(177,'The Deer Hunter','1978','183 min','Drama, War            ','Michael Cimino ','Robert De Niro, Christopher Walken, John Cazale, John Savage','\nAn in-depth examination of the ways in which the Vietnam War impacts and disrupts the lives of several friends in a small steel mill town in Pennsylvania.','https://m.media-amazon.com/images/M/MV5BNDhmNTA0ZDMtYjhkNS00NzEzLWIzYTItOGNkMTVmYjE2YmI3XkEyXkFqcGdeQXVyNzkwMjQ5NzM@._V1_.jpg'),
(178,'The Thing','1982','109 min','Horror, Mystery, Sci-Fi            ','John Carpenter ','Kurt Russell, Wilford Brimley, Keith David, Richard Masur','\nA research team in Antarctica is hunted by a shape-shifting alien that assumes the appearance of its victims.','https://m.media-amazon.com/images/M/MV5BNGViZWZmM2EtNGYzZi00ZDAyLTk3ODMtNzIyZTBjN2Y1NmM1XkEyXkFqcGdeQXVyNTAyODkwOQ@@._V1_.jpg'),
(179,'Lock, Stock and Two Smoking Barrels','1998','107 min','Action, Comedy, Crime            ','Guy Ritchie ','Jason Flemyng, Dexter Fletcher, Nick Moran, Jason Statham','\nEddy persuades his three pals to pool money for a vital poker game against a powerful local mobster, Hatchet Harry. Eddy loses, after which Harry gives him a week to pay back 500,000 pounds.','https://m.media-amazon.com/images/M/MV5BMTAyN2JmZmEtNjAyMy00NzYwLThmY2MtYWQ3OGNhNjExMmM4XkEyXkFqcGdeQXVyNDk3NzU2MTQ@._V1_.jpg'),
(180,'Cool Hand Luke','1967','127 min','Crime, Drama            ','Stuart Rosenberg ','Paul Newman, George Kennedy, Strother Martin, J.D. Cannon','\nA laid back Southern man is sentenced to two years in a rural prison, but refuses to conform.','https://m.media-amazon.com/images/M/MV5BOWFlNzZhYmYtYTI5YS00MDQyLWIyNTUtNTRjMWUwNTEzNjA0XkEyXkFqcGdeQXVyNjUwNzk3NDc@._V1_.jpg'),
(181,'Raging Bull','1980','129 min','Biography, Drama, Sport            ','Martin Scorsese ','Robert De Niro, Cathy Moriarty, Joe Pesci, Frank Vincent','\nThe life of boxer Jake LaMotta, whose violence and temper that led him to the top in the ring destroyed his life outside of it.','https://m.media-amazon.com/images/M/MV5BYjRmODkzNDItMTNhNi00YjJlLTg0ZjAtODlhZTM0YzgzYThlXkEyXkFqcGdeQXVyNzQ1ODk3MTQ@._V1_.jpg'),
(182,'Howl\'s Moving Castle','2004','119 min','Animation, Adventure, Family            ','Hayao Miyazaki ','Chieko Baishô, Takuya Kimura, Tatsuya Gashûin, Akihiro Miwa','\nWhen an unconfident young woman is cursed with an old body by a spiteful witch, her only chance of breaking the spell lies with a self-indulgent yet insecure young wizard and his companions in his legged, walking castle.','https://m.media-amazon.com/images/M/MV5BNmM4YTFmMmItMGE3Yy00MmRkLTlmZGEtMzZlOTQzYjk3MzA2XkEyXkFqcGdeQXVyMTMxODk2OTU@._V1_.jpg'),
(183,'The Secret in Their Eyes','2009','129 min','Drama, Mystery, Romance            ','Juan José Campanella ','Ricardo Darín, Soledad Villamil, Pablo Rago, Carla Quevedo','\nA retired legal counselor writes a novel hoping to find closure for one of his past unresolved homicide cases and for his unreciprocated love with his superior - both of which still haunt him decades later.','https://m.media-amazon.com/images/M/MV5BY2FhZGI5M2QtZWFiZS00NjkwLWE4NWQtMzg3ZDZjNjdkYTJiXkEyXkFqcGdeQXVyMTMxODk2OTU@._V1_.jpg'),
(184,'Incendies','2010','131 min','Drama, Mystery            ','Denis Villeneuve ','Lubna Azabal, Mélissa Désormeaux-Poulin, Maxim Gaudette, Mustafa Kamel','\nTwins journey to the Middle East to discover their family history and fulfill their mother\'s last wishes.','https://m.media-amazon.com/images/M/MV5BMWE3MGYzZjktY2Q5Mi00Y2NiLWIyYWUtMmIyNzA3YmZlMGFhXkEyXkFqcGdeQXVyMTMxODk2OTU@._V1_.jpg'),
(185,'Chinatown','1974','130 min','Drama, Mystery, Thriller            ','Roman Polanski ','Jack Nicholson, Faye Dunaway, John Huston, Perry Lopez','\nA private detective hired to expose an adulterer in 1930s Los Angeles finds himself caught up in a web of deceit, corruption, and murder.','https://m.media-amazon.com/images/M/MV5BMjJkMDZhYzItZTFhMi00ZGI4LThlNTAtZDNlYmEwNjFkNDYzXkEyXkFqcGdeQXVyMjUzOTY1NTc@._V1_.jpg'),
(186,'The Great Escape','1963','172 min','Adventure, Drama, History            ','John Sturges ','Steve McQueen, James Garner, Richard Attenborough, Charles Bronson','\nAllied prisoners of war plan for several hundred of their number to escape from a German camp during World War II.','https://m.media-amazon.com/images/M/MV5BNzA2NmYxMWUtNzBlMC00MWM2LTkwNmQtYTFlZjQwODNhOWE0XkEyXkFqcGdeQXVyNTIzOTk5ODM@._V1_.jpg'),
(187,'My Neighbor Totoro','1988','86 min','Animation, Comedy, Family            ','Hayao Miyazaki ','Hitoshi Takagi, Noriko Hidaka, Chika Sakamoto, Shigesato Itoi','\nWhen two girls move to the country to be near their ailing mother, they have adventures with the wondrous forest spirits who live nearby.','https://m.media-amazon.com/images/M/MV5BYzJjMTYyMjQtZDI0My00ZjE2LTkyNGYtOTllNGQxNDMyZjE0XkEyXkFqcGdeQXVyMTMxODk2OTU@._V1_.jpg'),
(188,'The Seventh Seal','1957','96 min','Drama, Fantasy            ','Ingmar Bergman ','Max von Sydow, Gunnar Björnstrand, Bengt Ekerot, Nils Poppe','\nA knight returning to Sweden after the Crusades seeks answers about life, death, and the existence of God as he plays chess against the Grim Reaper during the Black Plague.','https://m.media-amazon.com/images/M/MV5BM2I1ZWU4YjMtYzU0My00YmMzLWFmNTAtZDJhZGYwMmI3YWQ5XkEyXkFqcGdeQXVyNjU0OTQ0OTY@._V1_.jpg'),
(189,'On the Waterfront','1954','108 min','Crime, Drama, Thriller            ','Elia Kazan ','Marlon Brando, Karl Malden, Lee J. Cobb, Rod Steiger','\nAn ex-prize fighter turned New Jersey longshoreman struggles to stand up to his corrupt union bosses, including his older brother, as he starts to connect with the grieving sister of one of the syndicate\'s victims.','https://m.media-amazon.com/images/M/MV5BY2I0MWFiZDMtNWQyYy00Njk5LTk3MDktZjZjNTNmZmVkYjkxXkEyXkFqcGdeQXVyNjc1NTYyMjg@._V1_.jpg'),
(190,'The Bridge on the River Kwai','1957','161 min','Adventure, Drama, War            ','David Lean ','William Holden, Alec Guinness, Jack Hawkins, Sessue Hayakawa','\nBritish POWs are forced to build a railway bridge across the river Kwai for their Japanese captors in occupied Burma, not knowing that the allied forces are planning a daring commando raid through the jungle to destroy it.','https://m.media-amazon.com/images/M/MV5BOGY5NmNlMmQtYzRlYy00NGQ5LWFkYjYtNzExZmQyMTg0ZDA0XkEyXkFqcGdeQXVyNDIzMzcwNjc@._V1_.jpg'),
(191,'Ran','1985','162 min','Action, Drama, War            ','Akira Kurosawa ','Tatsuya Nakadai, Akira Terao, Jinpachi Nezu, Daisuke Ryû','\nIn Medieval Japan, an elderly warlord retires, handing over his empire to his three sons. However, he vastly underestimates how the new-found power will corrupt them and cause them to turn on each other...and him.','https://m.media-amazon.com/images/M/MV5BMmU1NGYwZWYtOWExNi00ZTEyLTgwMmUtM2ZlMDVjNWM4YjVlXkEyXkFqcGdeQXVyMjUzOTY1NTc@._V1_.jpg'),
(192,'Rebecca','1940','130 min','Drama, Film-Noir, Mystery            ','Alfred Hitchcock ','Laurence Olivier, Joan Fontaine, George Sanders, Judith Anderson','\nA self-conscious woman juggles adjusting to her new role as an aristocrat\'s wife and avoiding being intimidated by his first wife\'s spectral presence.','https://m.media-amazon.com/images/M/MV5BYTcxYWExOTMtMWFmYy00ZjgzLWI0YjktNWEzYzJkZTg0NDdmL2ltYWdlXkEyXkFqcGdeQXVyNjc1NTYyMjg@._V1_.jpg'),
(193,'Mary and Max','2009','92 min','Animation, Comedy, Drama            ','Adam Elliot ','Toni Collette, Philip Seymour Hoffman, Eric Bana, Barry Humphries','\nA tale of friendship between two unlikely pen pals: Mary, a lonely, eight-year-old girl living in the suburbs of Melbourne, and Max, a forty-four-year old, severely obese man living in New York.','https://m.media-amazon.com/images/M/MV5BMDgzYjQwMDMtNGUzYi00MTRmLWIyMGMtNjE1OGZkNzY2YWIzL2ltYWdlXkEyXkFqcGdeQXVyNjU0OTQ0OTY@._V1_.jpg'),
(194,'Dial M for Murder','1954','105 min','Crime, Thriller            ','Alfred Hitchcock ','Ray Milland, Grace Kelly, Robert Cummings, John Williams','\nA former tennis star arranges the murder of his adulterous wife.','https://m.media-amazon.com/images/M/MV5BOWIwODIxYWItZDI4MS00YzhhLWE3MmYtMzlhZDIwOTMzZmE5L2ltYWdlXkEyXkFqcGdeQXVyNjc1NTYyMjg@._V1_.jpg'),
(195,'Mr. Smith Goes to Washington','1939','129 min','Comedy, Drama            ','Frank Capra ','James Stewart, Jean Arthur, Claude Rains, Edward Arnold','\nA naive youth leader is appointed to fill a vacancy in the U.S. Senate. His idealistic plans promptly collide with corruption at home and subterfuge from his hero in Washington, but he tries to forge ahead despite attacks on his character.','https://m.media-amazon.com/images/M/MV5BZTYwYjYxYzgtMDE1Ni00NzU4LWJlMTEtODQ5YmJmMGJhZjI5L2ltYWdlXkEyXkFqcGdeQXVyMDI2NDg0NQ@@._V1_.jpg'),
(196,'It Happened One Night','1934','105 min','Comedy, Romance            ','Frank Capra ','Clark Gable, Claudette Colbert, Walter Connolly, Roscoe Karns','\nA renegade reporter trailing a young runaway heiress for a big story joins her on a bus heading from Florida to New York, and they end up stuck with each other when the bus leaves them behind at one of the stops.','https://m.media-amazon.com/images/M/MV5BYzJmMWE5NjAtNWMyZS00NmFiLWIwMDgtZDE2NzczYWFhNzIzXkEyXkFqcGdeQXVyNjc1NTYyMjg@._V1_.jpg'),
(197,'Wild Strawberries','1957','91 min','Drama, Romance            ','Ingmar Bergman ','Victor Sjöström, Bibi Andersson, Ingrid Thulin, Gunnar Björnstrand','\nAfter living a life marked by coldness, an aging professor is forced to confront the emptiness of his existence.','https://m.media-amazon.com/images/M/MV5BYWQxYzdhMDMtNjAyZC00NzE0LWFjYmQtYjk0YzMyYjA5NzZkXkEyXkFqcGdeQXVyMjUzOTY1NTc@._V1_.jpg'),
(198,'The Wages of Fear','1953','131 min','Adventure, Drama, Thriller            ','Henri-Georges Clouzot ','Yves Montand, Charles Vanel, Peter van Eyck, Folco Lulli','\nIn a decrepit South American village, four men are hired to transport an urgent nitroglycerine shipment without the equipment that would make it safe.','https://m.media-amazon.com/images/M/MV5BZDdkNzMwZmUtY2Q5MS00ZmM2LWJhYjItYTBjMWY0MGM4MDRjXkEyXkFqcGdeQXVyNTA4NzY1MzY@._V1_.jpg'),
(199,'The Gold Rush','1925','95 min','Adventure, Comedy, Drama            ','Charles Chaplin ','Charles Chaplin, Mack Swain, Tom Murray, Henry Bergman','\nA prospector goes to the Klondike during the 1890s gold rush in hopes of making his fortune, and is smitten with a girl he sees in a dance hall.','https://m.media-amazon.com/images/M/MV5BZjEyOTE4MzMtNmMzMy00Mzc3LWJlOTQtOGJiNDE0ZmJiOTU4L2ltYWdlXkEyXkFqcGdeQXVyNTAyODkwOQ@@._V1_.jpg'),
(200,'The General','1926','67 min','Action, Adventure, Comedy            ','Clyde Bruckman, Buster Keaton ','Buster Keaton, Marion Mack, Glen Cavender, Jim Farley','\nAfter being rejected by the Confederate military, not realizing it was due to his crucial civilian role, an engineer must single-handedly recapture his beloved locomotive after it is seized by Union spies and return it through enemy lines.','https://m.media-amazon.com/images/M/MV5BYmRiMDFlYjYtOTMwYy00OGY2LWE0Y2QtYzQxOGNhZmUwNTIxXkEyXkFqcGdeQXVyNzkwMjQ5NzM@._V1_.jpg'),
(201,'Nights of Cabiria','1957','110 min','Drama            ','Federico Fellini ','Giulietta Masina, François Périer, Franca Marzi, Dorian Gray','\nA waifish prostitute wanders the streets of Rome looking for true love but finds only heartbreak.','https://m.media-amazon.com/images/M/MV5BOTdhNmUxZmQtNmMwNC00MzE3LWE1MTUtZDgxZTYwYjEzZjcwXkEyXkFqcGdeQXVyNTA1NjYyMDk@._V1_.jpg'),
(202,'Guardians of the Galaxy Vol. 2','2017','136 min','Action, Adventure, Comedy            ','James Gunn ','Chris Pratt, Zoe Saldana, Dave Bautista, Vin Diesel','\nThe Guardians struggle to keep together as a team while dealing with their personal family issues, notably Star-Lord\'s encounter with his father the ambitious celestial being Ego.','https://m.media-amazon.com/images/M/MV5BNjM0NTc0NzItM2FlYS00YzEwLWE0YmUtNTA2ZWIzODc2OTgxXkEyXkFqcGdeQXVyNTgwNzIyNzg@._V1_.jpg'),
(203,'Star Wars: Episode VII - The Force Awakens','2015','138 min','Action, Adventure, Sci-Fi            ','J.J. Abrams ','Daisy Ridley, John Boyega, Oscar Isaac, Domhnall Gleeson','\nAs a new threat to the galaxy rises, Rey, a desert scavenger, and Finn, an ex-stormtrooper, must join Han Solo and Chewbacca to search for the one hope of restoring peace.','https://m.media-amazon.com/images/M/MV5BOTAzODEzNDAzMl5BMl5BanBnXkFtZTgwMDU1MTgzNzE@._V1_.jpg'),
(204,'Mad Max: Fury Road','2015','120 min','Action, Adventure, Sci-Fi            ','George Miller ','Tom Hardy, Charlize Theron, Nicholas Hoult, Zoë Kravitz','\nIn a post-apocalyptic wasteland, a woman rebels against a tyrannical ruler in search for her homeland with the aid of a group of female prisoners, a psychotic worshiper, and a drifter named Max.','https://m.media-amazon.com/images/M/MV5BN2EwM2I5OWMtMGQyMi00Zjg1LWJkNTctZTdjYTA4OGUwZjMyXkEyXkFqcGdeQXVyMTMxODk2OTU@._V1_.jpg'),
(205,'No Country for Old Men','2007','122 min','Crime, Drama, Thriller            ','Ethan Coen, Joel Coen ','Tommy Lee Jones, Javier Bardem, Josh Brolin, Woody Harrelson','\nViolence and mayhem ensue after a hunter stumbles upon a drug deal gone wrong and more than two million dollars in cash near the Rio Grande.','https://m.media-amazon.com/images/M/MV5BMjA5Njk3MjM4OV5BMl5BanBnXkFtZTcwMTc5MTE1MQ@@._V1_.jpg'),
(206,'Gone Girl','2014','149 min','Drama, Mystery, Thriller            ','David Fincher ','Ben Affleck, Rosamund Pike, Neil Patrick Harris, Tyler Perry','\nWith his wife\'s disappearance having become the focus of an intense media circus, a man sees the spotlight turned on him when it\'s suspected that he may not be innocent.','https://m.media-amazon.com/images/M/MV5BMTk0MDQ3MzAzOV5BMl5BanBnXkFtZTgwNzU1NzE3MjE@._V1_.jpg'),
(207,'Prisoners','2013','153 min','Crime, Drama, Mystery            ','Denis Villeneuve ','Hugh Jackman, Jake Gyllenhaal, Viola Davis, Melissa Leo','\nWhen Keller Dover\'s daughter and her friend go missing, he takes matters into his own hands as the police pursue multiple leads and the pressure mounts.','https://m.media-amazon.com/images/M/MV5BMTg0NTIzMjQ1NV5BMl5BanBnXkFtZTcwNDc3MzM5OQ@@._V1_.jpg'),
(208,'What Ever Happened to Baby Jane?','1962','134 min','Drama, Horror, Thriller            ','Robert Aldrich ','Bette Davis, Joan Crawford, Victor Buono, Wesley Addy','\nA former child star torments her paraplegic sister in their decaying Hollywood mansion.','https://m.media-amazon.com/images/M/MV5BZmI0M2VmNTgtMWVhYS00Zjg1LTk1YTYtNmJmMjRkZmMwYTc2XkEyXkFqcGdeQXVyNTA4NzY1MzY@._V1_.jpg'),
(209,'Spotlight','0','129 min','Biography, Crime, Drama            ','Tom McCarthy ','Mark Ruffalo, Michael Keaton, Rachel McAdams, Liev Schreiber','\nThe true story of how the Boston Globe uncovered the massive scandal of child molestation and cover-up within the local Catholic Archdiocese, shaking the entire Catholic Church to its core.','https://m.media-amazon.com/images/M/MV5BMjIyOTM5OTIzNV5BMl5BanBnXkFtZTgwMDkzODE2NjE@._V1_.jpg'),
(210,'The Princess Bride','1987','98 min','Adventure, Family, Fantasy            ','Rob Reiner ','Cary Elwes, Mandy Patinkin, Robin Wright, Chris Sarandon','\nWhile home sick in bed, a young boy\'s grandfather reads him the story of a farmboy-turned-pirate who encounters numerous obstacles, enemies and allies in his quest to be reunited with his true love.','https://m.media-amazon.com/images/M/MV5BYzdiOTVjZmQtNjAyNy00YjA2LTk5ZTAtNmJkMGQ5N2RmNjUxXkEyXkFqcGdeQXVyMjUzOTY1NTc@._V1_.jpg'),
(211,'Donnie Darko','2001','113 min','Drama, Mystery, Sci-Fi            ','Richard Kelly ','Jake Gyllenhaal, Jena Malone, Mary McDonnell, Holmes Osborne','\nAfter narrowly escaping a bizarre accident, a troubled teenager is plagued by visions of a man in a large rabbit suit who manipulates him to commit a series of crimes.','https://m.media-amazon.com/images/M/MV5BZjZlZDlkYTktMmU1My00ZDBiLWFlNjEtYTBhNjVhOTM4ZjJjXkEyXkFqcGdeQXVyMTMxODk2OTU@._V1_.jpg'),
(212,'Stand by Me','1986','89 min','Adventure, Drama            ','Rob Reiner ','Wil Wheaton, River Phoenix, Corey Feldman, Jerry O\'Connell','\nAfter the death of one of his friends, a writer recounts a childhood journey with his friends to find the body of a missing boy.','https://m.media-amazon.com/images/M/MV5BODJmY2Y2OGQtMDg2My00N2Q3LWJmZTUtYTc2ODBjZDVlNDlhXkEyXkFqcGdeQXVyMTQxNzMzNDI@._V1_.jpg'),
(213,'Into the Wild','2007','148 min','Adventure, Biography, Drama            ','Sean Penn ','Emile Hirsch, Vince Vaughn, Catherine Keener, Marcia Gay Harden','\nAfter graduating from Emory University, top student and athlete Christopher McCandless abandons his possessions, gives his entire $24,000 savings account to charity and hitchhikes to Alaska to live in the wilderness. Along the way, Christopher encounters a series of characters that shape his life.','https://m.media-amazon.com/images/M/MV5BNjQ0ODlhMWUtNmUwMS00YjExLWI4MjQtNjVmMmE2Y2E0MGRmXkEyXkFqcGdeQXVyNDk3NzU2MTQ@._V1_.jpg'),
(214,'The Sixth Sense','1999','107 min','Drama, Mystery, Thriller            ','M. Night Shyamalan ','Bruce Willis, Haley Joel Osment, Toni Collette, Olivia Williams','\nA frightened, withdrawn Philadelphia boy who communicates with spirits seeks the help of a disheartened child psychologist.','https://m.media-amazon.com/images/M/MV5BMWM4NTFhYjctNzUyNi00NGMwLTk3NTYtMDIyNTZmMzRlYmQyXkEyXkFqcGdeQXVyMTAwMzUyOTc@._V1_.jpg'),
(215,'Shutter Island','2010','138 min','Mystery, Thriller            ','Martin Scorsese ','Leonardo DiCaprio, Emily Mortimer, Mark Ruffalo, Ben Kingsley','\nIn 1954, a U.S. Marshal investigates the disappearance of a murderer who escaped from a hospital for the criminally insane.','https://m.media-amazon.com/images/M/MV5BYzhiNDkyNzktNTZmYS00ZTBkLTk2MDAtM2U0YjU1MzgxZjgzXkEyXkFqcGdeQXVyMTMxODk2OTU@._V1_.jpg'),
(216,'The Grand Budapest Hotel','2014','99 min','Adventure, Comedy, Crime            ','Wes Anderson ','Ralph Fiennes, F. Murray Abraham, Mathieu Amalric, Adrien Brody','\nA writer encounters the owner of an aging high-class hotel, who tells him of his early years serving as a lobby boy in the hotel\'s glorious years under an exceptional concierge.','https://m.media-amazon.com/images/M/MV5BMzM5NjUxOTEyMl5BMl5BanBnXkFtZTgwNjEyMDM0MDE@._V1_.jpg'),
(217,'The Help','2011','146 min','Drama            ','Tate Taylor ','Emma Stone, Viola Davis, Octavia Spencer, Bryce Dallas Howard','\nAn aspiring author during the civil rights movement of the 1960s decides to write a book detailing the African American maids\' point of view on the white families for which they work, and the hardships they go through on a daily basis.','https://m.media-amazon.com/images/M/MV5BMTM5OTMyMjIxOV5BMl5BanBnXkFtZTcwNzU4MjIwNQ@@._V1_.jpg'),
(218,'There Will Be Blood','2007','158 min','Drama            ','Paul Thomas Anderson ','Daniel Day-Lewis, Paul Dano, Ciarán Hinds, Martin Stringer','\nA story of family, religion, hatred, oil and madness, focusing on a turn-of-the-century prospector in the early days of the business.','https://m.media-amazon.com/images/M/MV5BMjAxODQ4MDU5NV5BMl5BanBnXkFtZTcwMDU4MjU1MQ@@._V1_.jpg'),
(219,'Catch Me If You Can','2002','141 min','Biography, Crime, Drama            ','Steven Spielberg ','Leonardo DiCaprio, Tom Hanks, Christopher Walken, Martin Sheen','\nBarely 21 yet, Frank is a skilled forger who has passed as a doctor, lawyer and pilot. FBI agent Carl becomes obsessed with tracking down the con man, who only revels in the pursuit.','https://m.media-amazon.com/images/M/MV5BMTY5MzYzNjc5NV5BMl5BanBnXkFtZTYwNTUyNTc2._V1_UY209_CR0,0,140,209_AL_.jpg@._V1_.jpg'),
(220,'12 Years a Slave','2013','134 min','Biography, Drama, History            ','Steve McQueen ','Chiwetel Ejiofor, Michael Kenneth Williams, Michael Fassbender, Brad Pitt','\nIn the antebellum United States, Solomon Northup, a free black man from upstate New York, is abducted and sold into slavery.','https://m.media-amazon.com/images/M/MV5BMjExMTEzODkyN15BMl5BanBnXkFtZTcwNTU4NTc4OQ@@._V1_.jpg'),
(221,'The Wizard of Oz','1939','102 min','Adventure, Family, Fantasy            ','Victor Fleming, George Cukor, Mervyn LeRoy, Norman Taurog, Richard Thorpe, King Vidor ','Judy Garland, Frank Morgan, Ray Bolger, Bert Lahr','\nYoung Dorothy Gale and her dog are swept away by a tornado from their Kansas farm to the magical Land of Oz, and embark on a quest with three new friends to see the Wizard, who can return her to her home and fulfill the others\' wishes.','https://m.media-amazon.com/images/M/MV5BNjUyMTc4MDExMV5BMl5BanBnXkFtZTgwNDg0NDIwMjE@._V1_.jpg'),
(222,'Rush','0','123 min','Action, Biography, Drama            ','Ron Howard ','Daniel Brühl, Chris Hemsworth, Olivia Wilde, Alexandra Maria Lara','\nThe merciless 1970s rivalry between Formula One rivals James Hunt and Niki Lauda.','https://m.media-amazon.com/images/M/MV5BOWEwODJmZDItYTNmZC00OGM4LThlNDktOTQzZjIzMGQxODA4XkEyXkFqcGdeQXVyNjU0OTQ0OTY@._V1_.jpg'),
(223,'The Truman Show','1998','103 min','Comedy, Drama            ','Peter Weir ','Jim Carrey, Ed Harris, Laura Linney, Noah Emmerich','\nAn insurance salesman discovers his whole life is actually a reality TV show.','https://m.media-amazon.com/images/M/MV5BMDIzODcyY2EtMmY2MC00ZWVlLTgwMzAtMjQwOWUyNmJjNTYyXkEyXkFqcGdeQXVyNDk3NzU2MTQ@._V1_.jpg'),
(224,'Platoon','1986','120 min','Drama, War            ','Oliver Stone ','Charlie Sheen, Tom Berenger, Willem Dafoe, Keith David','\nChris Taylor, a neophyte recruit in Vietnam, finds himself caught in a battle of wills between two sergeants, one good and the other evil. A shrewd examination of the brutality of war and the duality of man in conflict.','https://m.media-amazon.com/images/M/MV5BMzRjZjdlMjQtODVkYS00N2YzLWJlYWYtMGVlN2E5MWEwMWQzXkEyXkFqcGdeQXVyMTQxNzMzNDI@._V1_.jpg'),
(225,'Million Dollar Baby','2004','132 min','Drama, Sport            ','Clint Eastwood ','Hilary Swank, Clint Eastwood, Morgan Freeman, Jay Baruchel','\nA determined woman works with a hardened boxing trainer to become a professional.','https://m.media-amazon.com/images/M/MV5BMTkxNzA1NDQxOV5BMl5BanBnXkFtZTcwNTkyMTIzMw@@._V1_.jpg'),
(226,'The Bourne Ultimatum','2007','115 min','Action, Mystery, Thriller            ','Paul Greengrass ','Matt Damon, Edgar Ramírez, Joan Allen, Julia Stiles','\nJason Bourne dodges a ruthless C.I.A. official and his Agents from a new assassination program while searching for the origins of his life as a trained killer.','https://m.media-amazon.com/images/M/MV5BNGNiNmU2YTMtZmU4OS00MjM0LTlmYWUtMjVlYjAzYjE2N2RjXkEyXkFqcGdeQXVyNDk3NzU2MTQ@._V1_.jpg'),
(227,'Stalker','1979','162 min','Drama, Sci-Fi            ','Andrei Tarkovsky ','Alisa Freyndlikh, Aleksandr Kaydanovskiy, Anatoliy Solonitsyn, Nikolay Grinko','\nA guide leads two men through an area known as the Zone to find a room that grants wishes.','https://m.media-amazon.com/images/M/MV5BMDgwODNmMGItMDcwYi00OWZjLTgyZjAtMGYwMmI4N2Q0NmJmXkEyXkFqcGdeQXVyNzY1MTU0Njk@._V1_.jpg'),
(228,'Wild Tales','2014','122 min','Comedy, Drama, Thriller            ','Damián Szifron ','Darío Grandinetti, María Marull, Mónica Villa, Diego Starosta','\nSix short stories that explore the extremities of human behavior involving people in distress.','https://m.media-amazon.com/images/M/MV5BNGQzY2Y0MTgtMDA4OC00NjM3LWI0ZGQtNTJlM2UxZDQxZjI0XkEyXkFqcGdeQXVyNDUzOTQ5MjY@._V1_.jpg'),
(229,'Hachi: A Dog\'s Tale','2009','93 min','Biography, Drama, Family            ','Lasse Hallström ','Richard Gere, Joan Allen, Cary-Hiroyuki Tagawa, Sarah Roemer','\nA college professor bonds with an abandoned dog he takes into his home.','https://m.media-amazon.com/images/M/MV5BNzE4NDg5OWMtMzg3NC00ZDRjLTllMDMtZTRjNWZmNjBmMGZlXkEyXkFqcGdeQXVyMTMxODk2OTU@._V1_.jpg'),
(230,'How to Train Your Dragon','2010','98 min','Animation, Action, Adventure            ','Dean DeBlois, Chris Sanders ','Jay Baruchel, Gerard Butler, Christopher Mintz-Plasse, Craig Ferguson','\nA hapless young Viking who aspires to hunt dragons becomes the unlikely friend of a young dragon himself, and learns there may be more to the creatures than he assumed.','https://m.media-amazon.com/images/M/MV5BMjA5NDQyMjc2NF5BMl5BanBnXkFtZTcwMjg5ODcyMw@@._V1_.jpg'),
(231,'Annie Hall','1977','93 min','Comedy, Romance            ','Woody Allen ','Woody Allen, Diane Keaton, Tony Roberts, Carol Kane','\nAlvy Singer, a divorced Jewish comedian, reflects on his relationship with ex-lover Annie Hall, an aspiring nightclub singer, which ended abruptly just like his previous marriages.','https://m.media-amazon.com/images/M/MV5BZDg1OGQ4YzgtM2Y2NS00NjA3LWFjYTctMDRlMDI3NWE1OTUyXkEyXkFqcGdeQXVyMjUzOTY1NTc@._V1_.jpg'),
(232,'Ben-Hur','1959','212 min','Adventure, Drama            ','William Wyler ','Charlton Heston, Jack Hawkins, Stephen Boyd, Haya Harareet','\nAfter a Jewish prince is betrayed and sent into slavery by a Roman friend in 1st-century Jerusalem, he regains his freedom and comes back for revenge.','https://m.media-amazon.com/images/M/MV5BNjgxY2JiZDYtZmMwOC00ZmJjLWJmODUtMTNmNWNmYWI5ODkwL2ltYWdlL2ltYWdlXkEyXkFqcGdeQXVyNjc1NTYyMjg@._V1_.jpg'),
(233,'Before Sunrise','1995','101 min','Drama, Romance            ','Richard Linklater ','Ethan Hawke, Julie Delpy, Andrea Eckert, Hanno Pöschl','\nA young man and woman meet on a train in Europe, and wind up spending one evening together in Vienna. Unfortunately, both know that this will probably be their only night together.','https://m.media-amazon.com/images/M/MV5BZDdiZTAwYzAtMDI3Ni00OTRjLTkzN2UtMGE3MDMyZmU4NTU4XkEyXkFqcGdeQXVyNjU0OTQ0OTY@._V1_.jpg'),
(234,'In the Mood for Love','2000','98 min','Drama, Romance            ','Kar-Wai Wong ','Tony Chiu-Wai Leung, Maggie Cheung, Siu Ping-Lam, Tung Cho \'Joe\' Cheung','\nTwo neighbors form a strong bond after both suspect extramarital activities of their spouses. However, they agree to keep their bond platonic so as not to commit similar wrongs.','https://m.media-amazon.com/images/M/MV5BYWVjNjMwZTgtMGYyYy00NmVhLWE1NDItMzFhMmJkYTNjYWIwXkEyXkFqcGdeQXVyNjU0OTQ0OTY@._V1_.jpg'),
(235,'Hotel Rwanda','2004','121 min','Biography, Drama, History            ','Terry George ','Don Cheadle, Sophie Okonedo, Joaquin Phoenix, Xolani Mali','\nPaul Rusesabagina, a hotel manager, houses over a thousand Tutsi refugees during their struggle against the Hutu militia in Rwanda, Africa.','https://m.media-amazon.com/images/M/MV5BZGJjYmIzZmQtNWE4Yy00ZGVmLWJkZGEtMzUzNmQ4ZWFlMjRhXkEyXkFqcGdeQXVyMTMxODk2OTU@._V1_.jpg'),
(236,'Butch Cassidy and the Sundance Kid','1969','110 min','Biography, Crime, Drama            ','George Roy Hill ','Paul Newman, Robert Redford, Katharine Ross, Strother Martin','\nWyoming, early 1900s. Butch Cassidy and The Sundance Kid are the leaders of a band of outlaws. After a train robbery goes wrong they find themselves on the run with a posse hard on their heels. Their solution - escape to Bolivia.','https://m.media-amazon.com/images/M/MV5BMTkyMTM2NDk5Nl5BMl5BanBnXkFtZTgwNzY1NzEyMDE@._V1_.jpg'),
(237,'Gandhi','1982','191 min','Biography, Drama            ','Richard Attenborough ','Ben Kingsley, John Gielgud, Rohini Hattangadi, Roshan Seth','\nThe life of the lawyer who became the famed leader of the Indian revolts against the British rule through his philosophy of nonviolent protest.','https://m.media-amazon.com/images/M/MV5BMzJiZDRmOWUtYjE2MS00Mjc1LTg1ZDYtNTQxYWJkZTg1OTM4XkEyXkFqcGdeQXVyNjUwNzk3NDc@._V1_.jpg'),
(238,'Barry Lyndon','1975','185 min','Adventure, Drama, War            ','Stanley Kubrick ','Ryan O\'Neal, Marisa Berenson, Patrick Magee, Hardy Krüger','\nAn Irish rogue wins the heart of a rich widow and assumes her dead husband\'s aristocratic position in 18th-century England.','https://m.media-amazon.com/images/M/MV5BNmY0MWY2NDctZDdmMi00MjA1LTk0ZTQtZDMyZTQ1NTNlYzVjXkEyXkFqcGdeQXVyMjUzOTY1NTc@._V1_.jpg'),
(239,'Memories of Murder','2003','132 min','Crime, Drama, Mystery            ','Bong Joon Ho ','Song Kang-ho, Kim Sang-kyung, Roe-ha Kim, Jae-ho Song','\nIn a small Korean province in 1986, two detectives struggle with the case of multiple young women being found raped and murdered by an unknown culprit.','https://m.media-amazon.com/images/M/MV5BOGViNTg4YTktYTQ2Ni00MTU0LTk2NWUtMTI4OTc1YTM0NzQ2XkEyXkFqcGdeQXVyMDM2NDM2MQ@@._V1_.jpg'),
(240,'Life of Brian','1979','94 min','Comedy            ','Terry Jones ','Graham Chapman, John Cleese, Michael Palin, Terry Gilliam','\nBorn on the original Christmas in the stable next door to Jesus Christ, Brian of Nazareth spends his life being mistaken for a messiah.','https://m.media-amazon.com/images/M/MV5BMDA1ZWI4ZDItOTRlYi00OTUxLWFlNWQtMzM5NDI0YjA4ZGI2XkEyXkFqcGdeQXVyMjUzOTY1NTc@._V1_.jpg'),
(241,'Infernal Affairs','2002','101 min','Action, Crime, Drama            ','Andrew Lau, Alan Mak ','Andy Lau, Tony Chiu-Wai Leung, Anthony Chau-Sang Wong, Eric Tsang','\nA story between a mole in the police department and an undercover cop. Their objectives are the same: to find out who is the mole, and who is the cop.','https://m.media-amazon.com/images/M/MV5BZWM1MTdhM2YtNjgwZS00YjQ3LTk3NTQtMzQ1NDE3YzZlODFlXkEyXkFqcGdeQXVyMTI3ODAyMzE2._V1_UY209_CR11,0,140,209_AL_.jpg@._V1_.jpg'),
(242,'La Haine','1995','98 min','Crime, Drama            ','Mathieu Kassovitz ','Vincent Cassel, Hubert Koundé, Saïd Taghmaoui, Abdel Ahmed Ghili','\n24 hours in the lives of three young men in the French suburbs the day after a violent riot.','https://m.media-amazon.com/images/M/MV5BOTQxOGU0OWUtMzExYy00ZjIxLWJmMzAtNTI1Y2YxYTMxN2RkXkEyXkFqcGdeQXVyMjUzOTY1NTc@._V1_.jpg'),
(243,'In the Name of the Father','1993','133 min','Biography, Crime, Drama            ','Jim Sheridan ','Daniel Day-Lewis, Pete Postlethwaite, Alison Crosbie, Philip King','\nA man\'s coerced confession to an I.R.A. bombing he did not commit results in the imprisonment of his father as well. An English lawyer fights to free them.','https://m.media-amazon.com/images/M/MV5BMmYyOTgwYWItYmU3Ny00M2E2LTk0NWMtMDVlNmQ0MWZiMTMxXkEyXkFqcGdeQXVyNzkwMjQ5NzM@._V1_.jpg'),
(244,'Amores perros','2000','154 min','Drama, Thriller            ','Alejandro G. Iñárritu ','Emilio Echevarría, Gael García Bernal, Goya Toledo, Álvaro Guerrero','\nA horrific car accident connects three stories, each involving characters dealing with loss, regret, and life\'s harsh realities, all in the name of love.','https://m.media-amazon.com/images/M/MV5BZjUxNmEwOGItMTBmYi00MWQ1LWExY2MtNDUxMjI0OWM4M2NiXkEyXkFqcGdeQXVyMjUzOTY1NTc@._V1_.jpg'),
(245,'Network','1976','121 min','Drama            ','Sidney Lumet ','Faye Dunaway, William Holden, Peter Finch, Robert Duvall','\nA television network cynically exploits a deranged former anchor\'s ravings and revelations about the news media for its own profit, but finds that his message may be difficult to control.','https://m.media-amazon.com/images/M/MV5BNzY0NjU5ODUtOTAzMC00NTU5LWJkZjctYWMyOWY2MTZmOWM1XkEyXkFqcGdeQXVyMTI3ODAyMzE2._V1_UX140_CR0,0,140,209_AL_.jpg@._V1_.jpg'),
(246,'Nausicaä of the Valley of the Wind','1984','117 min','Animation, Adventure, Sci-Fi            ','Hayao Miyazaki ','Sumi Shimamoto, Mahito Tsujimura, Hisako Kyôda, Gorô Naya','\nWarrior and pacifist Princess Nausicaä desperately struggles to prevent two warring nations from destroying themselves and their dying planet.','https://m.media-amazon.com/images/M/MV5BZTI3NmJmYTQtNDg4NS00M2VlLTgzZDAtZWIwZDcyOWY5YzIzXkEyXkFqcGdeQXVyMTMxODk2OTU@._V1_.jpg'),
(247,'The Maltese Falcon','1941','100 min','Crime, Film-Noir, Mystery            ','John Huston ','Humphrey Bogart, Mary Astor, Gladys George, Peter Lorre','\nSan Francisco private detective Sam Spade takes on a case that involves him with three eccentric criminals, a gorgeous liar, and their quest for a priceless statuette, with the stakes rising after his partner is murdered.','https://m.media-amazon.com/images/M/MV5BODQzYjY2NzAtMTVkOS00YTI1LTg2YzQtMWExOTY5ZmQ4ODU1XkEyXkFqcGdeQXVyNDYyMDk5MTU@._V1_.jpg'),
(248,'Persona','1966','83 min','Drama, Thriller            ','Ingmar Bergman ','Bibi Andersson, Liv Ullmann, Margaretha Krook, Gunnar Björnstrand','\nA nurse is put in charge of a mute actress and finds that their personae are melding together.','https://m.media-amazon.com/images/M/MV5BYmFlOTcxMWUtZTMzMi00NWIyLTkwOTEtNjIxNmViNzc2Yzc1XkEyXkFqcGdeQXVyMjUzOTY1NTc@._V1_.jpg'),
(249,'The Grapes of Wrath','1940','129 min','Drama            ','John Ford ','Henry Fonda, Jane Darwell, John Carradine, Charley Grapewin','\nAn Oklahoma family, driven off their farm by the poverty and hopelessness of the Dust Bowl, joins the westward migration to California, suffering the misfortunes of the homeless in the Great Depression.','https://m.media-amazon.com/images/M/MV5BNzJiOGI2MjctYjUyMS00ZjkzLWE2ZmUtOTg4NTZkOTNhZDc1L2ltYWdlXkEyXkFqcGdeQXVyNjc1NTYyMjg@._V1_.jpg'),
(250,'Jaws','1975','124 min','Adventure, Thriller            ','Steven Spielberg ','Roy Scheider, Robert Shaw, Richard Dreyfuss, Lorraine Gary','\nWhen a killer shark unleashes chaos on a beach community off Cape Cod, it\'s up to a local sheriff, a marine biologist, and an old seafarer to hunt the beast down.','https://m.media-amazon.com/images/M/MV5BMmVmODY1MzEtYTMwZC00MzNhLWFkNDMtZjAwM2EwODUxZTA5XkEyXkFqcGdeQXVyNTAyODkwOQ@@._V1_.jpg');

/*Table structure for table `reviews` */

DROP TABLE IF EXISTS `reviews`;

CREATE TABLE `reviews` (
  `movie_id` int(11) NOT NULL,
  `rating` float(2,1) DEFAULT NULL,
  `total_rate` int(11) DEFAULT NULL,
  PRIMARY KEY (`movie_id`),
  CONSTRAINT `reviews_ibfk_1` FOREIGN KEY (`movie_id`) REFERENCES `movies` (`id`)
) ENGINE=InnoDB DEFAULT CHARSET=utf8;

/*Data for the table `reviews` */

insert  into `reviews`(`movie_id`,`rating`,`total_rate`) values 
(1,9.3,2622089),
(2,9.2,1815949),
(3,9.0,2593783),
(4,9.0,1247220),
(5,8.9,2007846),
(6,9.0,1331544),
(7,9.0,1798843),
(8,9.0,774564),
(9,8.8,750241),
(10,8.8,2027475),
(11,8.8,2300297),
(12,8.8,1820196),
(13,8.8,2066926),
(14,8.3,186294),
(15,8.7,1268903),
(16,8.6,1341518),
(17,8.7,1878892),
(18,8.7,1135820),
(19,8.7,992965),
(20,8.6,747350),
(21,8.8,1624438),
(22,8.6,342164),
(23,8.6,1764182),
(24,8.4,258233),
(25,8.6,1402274),
(26,8.5,1139838),
(27,8.6,1611499),
(28,8.6,1364266),
(29,8.5,1070091),
(30,8.6,744326),
(31,8.6,683594),
(32,8.5,841573),
(33,8.5,326001),
(34,8.6,449383),
(35,8.5,183095),
(36,8.2,86257),
(37,8.5,864588),
(38,8.5,1308587),
(39,8.5,1471424),
(40,8.4,1673159),
(41,8.5,828487),
(42,8.4,1218781),
(43,8.6,1274066),
(44,8.5,658021),
(45,8.5,660611),
(46,8.4,952621),
(47,8.6,1079999),
(48,8.5,815337),
(49,8.4,386091),
(50,8.4,485064),
(51,8.5,1106389),
(52,8.5,1177563),
(53,8.2,512004),
(54,8.2,864686),
(55,8.2,238990),
(56,8.2,1028581),
(57,8.1,767839),
(58,7.6,762008),
(59,7.5,482459),
(60,8.2,971575),
(61,8.2,1096394),
(62,8.1,743240),
(63,8.1,894543),
(64,7.8,127335),
(65,7.7,565353),
(66,8.1,1109076),
(67,6.6,445355),
(68,8.1,566857),
(69,7.9,666548),
(70,7.8,598211),
(71,8.3,1026554),
(72,8.2,1107832),
(73,8.4,1097147),
(74,7.3,609782),
(75,8.0,156976),
(76,7.7,39212),
(77,8.5,564711),
(78,8.5,485237),
(79,8.4,219660),
(80,8.5,271388),
(81,8.5,257475),
(82,8.4,221981),
(83,8.5,239664),
(84,8.4,195329),
(85,8.3,190834),
(86,8.4,706726),
(87,8.4,1517012),
(88,8.4,1140235),
(89,8.4,998715),
(90,8.3,829546),
(91,8.4,1025309),
(92,8.4,568678),
(93,8.3,1036338),
(94,8.3,324526),
(95,8.3,748919),
(96,8.3,347217),
(97,8.4,391880),
(98,8.4,387648),
(99,8.3,397872),
(100,8.3,437859),
(101,8.4,248917),
(102,8.3,156625),
(103,8.3,243303),
(104,8.2,74276),
(105,8.4,123677),
(106,8.2,80669),
(107,8.1,69835),
(108,8.0,573989),
(109,8.3,1414706),
(110,8.3,949219),
(111,8.3,844246),
(112,8.2,1443908),
(113,8.2,811622),
(114,8.3,991408),
(115,8.3,817826),
(116,8.3,1001087),
(117,8.3,732048),
(118,8.3,658709),
(119,8.2,352840),
(120,8.3,323965),
(121,8.2,576906),
(122,7.6,588020),
(123,8.0,449893),
(124,8.5,1301748),
(125,8.1,670121),
(126,7.4,275401),
(127,8.5,1038133),
(128,7.8,171035),
(129,8.0,179105),
(130,8.3,822441),
(131,8.2,1366202),
(132,8.3,977166),
(133,8.4,396960),
(134,8.3,314089),
(135,8.2,536036),
(136,8.3,290739),
(137,8.3,824046),
(138,8.2,264628),
(139,8.3,239804),
(140,8.4,77104),
(141,8.3,172858),
(142,8.3,259589),
(143,8.1,170628),
(144,8.2,254044),
(145,8.3,179898),
(146,8.3,77100),
(147,8.2,130575),
(148,8.1,118652),
(149,8.3,155898),
(150,8.2,166977),
(151,8.3,162131),
(152,8.0,53371),
(153,8.2,121990),
(154,8.2,94713),
(155,8.2,124201),
(156,8.3,125552),
(157,8.3,77628),
(158,8.1,78306),
(159,8.1,50896),
(160,8.2,54296),
(161,8.1,55451),
(162,8.1,81177),
(163,8.0,53127),
(164,8.1,66011),
(165,8.1,511693),
(166,8.1,679653),
(167,8.1,757727),
(168,8.1,414689),
(169,8.2,312850),
(170,8.3,643040),
(171,8.1,798021),
(172,8.2,467710),
(173,8.2,407717),
(174,8.2,661545),
(175,8.2,698790),
(176,8.2,919983),
(177,8.1,336443),
(178,8.2,415916),
(179,8.2,575845),
(180,8.1,175972),
(181,8.2,349858),
(182,8.2,386266),
(183,8.2,208074),
(184,8.3,174769),
(185,8.2,323187),
(186,8.2,242715),
(187,8.1,332616),
(188,8.1,183598),
(189,8.1,154110),
(190,8.2,219099),
(191,8.2,124530),
(192,8.1,136272),
(193,8.1,176303),
(194,8.2,174219),
(195,8.1,115173),
(196,8.1,103281),
(197,8.1,106665),
(198,8.2,60792),
(199,8.2,110604),
(200,8.2,90811),
(201,8.1,48860),
(202,7.6,664120),
(203,7.8,918920),
(204,8.1,982204),
(205,8.2,953528),
(206,8.1,964159),
(207,8.1,692407),
(208,8.0,55885),
(209,8.1,464010),
(210,8.0,424009),
(211,8.0,790831),
(212,8.1,398065),
(213,8.1,617272),
(214,8.2,978499),
(215,8.2,1278259),
(216,8.1,792853),
(217,8.1,454352),
(218,8.2,577285),
(219,8.1,956070),
(220,8.1,692402),
(221,8.1,394821),
(222,8.1,473964),
(223,8.2,1054099),
(224,8.1,410413),
(225,8.1,680895),
(226,8.0,630959),
(227,8.1,132840),
(228,8.1,196056),
(229,8.1,281385),
(230,8.1,728936),
(231,8.0,264324),
(232,8.1,237664),
(233,8.1,303271),
(234,8.1,147207),
(235,8.1,353567),
(236,8.0,214666),
(237,8.1,230070),
(238,8.1,165940),
(239,8.1,178167),
(240,8.0,396146),
(241,8.0,124264),
(242,8.1,170857),
(243,8.1,173613),
(244,8.1,238930),
(245,8.1,158492),
(246,8.0,167865),
(247,8.0,157830),
(248,8.1,117319),
(249,8.1,92711),
(250,8.1,593564);

/*!40101 SET SQL_MODE=@OLD_SQL_MODE */;
/*!40014 SET FOREIGN_KEY_CHECKS=@OLD_FOREIGN_KEY_CHECKS */;
/*!40014 SET UNIQUE_CHECKS=@OLD_UNIQUE_CHECKS */;
/*!40111 SET SQL_NOTES=@OLD_SQL_NOTES */;
